ID,BlendProperty1,BlendProperty2,BlendProperty3,BlendProperty4,BlendProperty5,BlendProperty6,BlendProperty7,BlendProperty8,BlendProperty9,BlendProperty10
0,0.26431024,0.32680777,0.56247395,0.60591424,0.8455065,0.6752727,0.5217407,0.38230878,-0.30129322,0.36448777
1,-0.64269996,-0.8268951,-1.2574142,0.08781608,-0.60307014,-0.2838453,-1.237947,-1.0399446,-0.9678538,-0.02424021
2,1.9042003,1.3304983,1.1794074,1.2476971,1.1043453,2.014974,1.1539302,1.9759163,0.58063465,2.2379975
3,-0.13886124,0.34232438,0.73375535,-0.3880308,1.6474197,-0.45004815,0.7472178,1.2632171,0.6171513,-0.83971095
4,0.13384597,-1.1514294,1.1214831,0.36234623,2.1132016,0.18236431,1.1422848,0.0066635907,-0.5052105,1.005959
5,-1.4966602,-1.6769624,0.55443954,-1.5498219,-0.15055554,-1.6874843,0.5411236,0.18130215,-1.025227,0.08062136
6,1.1243807,0.47091958,-0.113000244,0.00051227584,-0.14219001,0.5070336,-0.19211066,0.23737746,1.204485,0.23510188
7,2.0450597,1.1669056,0.6879005,1.3400508,-1.484196,1.3979456,0.6441301,0.80819947,1.8343656,0.4126051
8,1.557513,1.1627898,1.1844547,1.7573848,-0.84084177,1.1231005,1.1890911,0.22331375,1.1831216,1.0396
9,-1.1779485,-0.82591677,-2.313468,-0.6840162,-1.2978691,-0.8616087,-2.322125,0.43825683,-0.35690075,-1.0621343
10,0.2869745,0.5205413,0.9702214,0.42609796,1.0764773,-0.18089882,0.9001508,0.09608033,-0.71712315,1.0069199
11,1.8505287,0.7143161,0.7783211,-0.23864703,-0.22960794,0.4508379,0.78216034,1.0568316,-0.19240686,1.0875223
12,0.29544598,-0.507812,1.0116596,-0.06353907,-1.2082593,2.3861141,1.0886222,0.63095653,1.3065866,1.6860433
13,-0.46771234,1.0399152,0.6358123,-0.86308455,0.76880133,-0.5339575,0.71004164,0.055133402,-1.0392737,-0.30051368
14,0.51947546,2.00239,0.5335658,1.5534047,-0.0961317,0.14222795,0.52225494,0.8858608,0.34948647,-0.45758003
15,0.07238385,-0.8069962,0.9303546,-0.7332895,-0.14528175,-1.1143713,0.9799133,-0.16933621,-1.4186311,0.041453242
16,-1.4226516,-1.4015731,-0.17977625,-1.7629293,-0.9490087,-0.21185392,-0.2032988,-0.94829386,-0.6475267,-1.4500916
17,-0.14881766,-0.4743291,0.34599146,-0.6512583,0.7877959,-0.2154333,0.30542955,0.71649796,-0.06012939,-1.0983677
18,0.2656309,-0.5555951,0.91891325,-0.7107752,1.3145251,-1.0798993,0.9292914,1.4593222,-1.3040372,1.5585865
19,-0.56537795,-1.4859703,0.48230982,-1.355367,-0.16945021,-0.6551087,0.5261823,-0.15107626,-1.1566212,-1.5273614
20,0.08657851,-2.170975,0.31373382,-0.87173647,1.6893997,-1.7879422,0.32673848,0.8146571,-0.9592886,0.52158487
21,0.28488958,1.1411923,0.09388934,1.5258136,0.82922125,1.5456936,0.08501612,0.6973603,0.47002396,1.5727427
22,0.91520095,1.5294075,1.0642238,0.7572125,1.1784494,0.12084809,1.1307151,0.57271975,0.23158932,1.3852227
23,0.13975212,0.65530264,0.23515698,0.33440515,-0.6072649,0.20379324,0.20128874,-0.61217475,-0.17300959,0.004840851
24,-1.5760351,-1.0146148,-0.28222984,-0.5005178,-0.47732347,-0.358661,-0.24710949,-1.1193963,-0.19668615,-0.002719134
25,-0.42526463,-0.50845104,0.084914476,-0.9534775,-0.28630346,0.29403958,0.06746184,-0.823722,0.21770874,-1.5497513
26,0.8610296,0.3262544,-0.23410472,1.4300461,-1.3125807,0.3134067,-0.19065328,0.38542002,0.855649,-1.1005448
27,0.276573,-0.41047102,-0.43913412,-0.560412,-1.1277418,-0.27529907,-0.41494063,-0.9829585,0.5024275,0.67549956
28,-0.8941937,-1.5084118,-0.45255995,-0.53249025,-0.23451513,-0.70746374,-0.43167207,-0.95783305,-0.8646605,0.18135454
29,-0.08202848,0.17643282,-0.7528338,-0.8133701,-1.6688275,0.29901367,-0.7092464,-0.79941463,-0.06878173,-1.6787984
30,-1.313769,-0.3807251,0.28995374,-0.76052487,1.256762,-1.0777161,0.2724403,-0.12049353,-2.0341687,0.3213721
31,-1.46665,-0.6001113,-0.12998445,-1.2167124,0.18875405,-1.5425912,-0.14522268,-0.5246128,-0.6637236,0.1506815
32,0.7252698,0.6128748,-0.42591804,0.6442061,0.20845458,-0.44905156,-0.43147737,0.21153507,0.24114737,-0.101581216
33,0.7758324,1.0398486,0.21695572,0.1034325,-0.94167256,0.033603586,0.21179108,1.2585149,0.07934064,-0.6399884
34,-0.70788467,-1.3367114,-0.39410102,-0.9015853,0.3868078,-0.508065,-0.40434498,-1.2525384,-2.2061338,0.14425239
35,1.6853251,0.28191924,0.34038743,0.5547318,-0.20783827,0.6123117,0.35905087,1.3307551,-0.31709802,0.29608443
36,0.20558801,-0.2557406,-0.6495991,-0.11628828,-1.1203443,0.34882042,-0.6233481,-0.15588602,1.6549209,-0.2451494
37,0.45852098,0.71837485,0.5206822,1.4214582,0.11456202,0.5816498,0.48557425,0.006645635,1.2025883,-0.6985496
38,-2.0131145,-1.51263,-0.17153937,-1.5596514,0.20211565,-0.45039245,-0.16158521,-1.6528648,-1.0660924,0.06726515
39,0.2373719,0.71636957,0.50396633,-1.2969804,0.14600128,0.38370317,0.47133365,0.111831665,0.89534277,-0.48981306
40,1.9484432,1.3548038,1.3111836,1.4074781,1.8245312,2.1275597,1.3783734,1.096448,1.0714614,1.8700848
41,2.1199386,0.7607868,1.2604839,0.616167,-0.13699299,0.79703665,1.245776,1.0166221,1.5036952,2.1349933
42,-1.5262775,-0.5113703,-1.0424029,-1.4821788,-0.5742202,-0.59499323,-0.98941094,-2.3100872,-1.0136961,-1.4541497
43,1.3139322,0.49806315,0.19677705,0.5891719,0.18801749,0.4851724,0.20201626,1.7906859,0.1772154,0.07987833
44,-0.55582243,-0.7891567,0.08854717,-1.6723353,0.4536121,-1.4582436,0.17977923,-0.09782544,-1.7232387,0.43945915
45,0.82229596,1.0047631,0.5464631,0.7119995,0.79256713,0.8426367,0.59750986,0.44967198,0.9412291,-0.91244155
46,-1.4848663,-2.0176744,-0.791363,-1.3064848,-0.06722033,-2.155818,-0.78771675,-1.097064,-2.5539715,-0.20875695
47,-0.11918534,0.24775903,-0.24958992,0.019489586,-0.2526725,-0.6313335,-0.26162338,0.041034117,0.7186033,-0.49865898
48,-0.36123815,-0.8499572,0.22569884,-0.16232415,0.17471333,-0.64074564,0.2060364,-0.33027232,-1.1314138,-0.07290096
49,-1.7656472,-1.4973822,-2.3774815,-0.6844202,-0.7293088,-1.6424931,-2.3152103,-1.9096613,-1.847013,-1.7625102
50,2.4107304,1.0634116,1.592565,0.68359506,1.3678662,-0.8569866,1.733511,-0.60211813,-0.5808735,1.9338486
51,-0.022594556,0.9653205,1.731297,-0.360121,1.3623871,1.1145611,1.8858175,0.36374015,0.61582166,-0.7294016
52,0.044468015,-0.052625313,-0.25831145,-1.0251719,0.17329258,-0.6731728,-0.29690206,0.6850174,0.38547122,0.5162123
53,1.5071679,0.73658985,0.11850855,0.60723907,0.5315784,-0.33965725,0.1539942,0.6235465,-1.083569,2.3973932
54,1.1280539,0.6054012,0.41920584,0.15004739,-0.26553214,1.2434621,0.41070586,0.22789647,1.1762493,-0.47027463
55,0.78543794,0.12943992,0.3840431,-0.06806928,-0.11151255,0.60918283,0.4478504,1.1935085,0.1341662,-1.0540196
56,0.08528718,0.41850296,0.43734443,0.38464564,-0.52134436,1.0525063,0.4020069,0.25841883,0.4015102,0.743346
57,-1.6923264,-0.84730303,0.44231334,-0.18002144,1.8273125,-0.95151335,0.46877426,-0.7311672,-1.9596553,0.06713304
58,-0.47689793,0.21058719,0.073317416,0.63621426,-1.4411404,-0.6492834,0.030093051,-0.18584591,0.41002318,-2.0440454
59,-0.89855427,-1.4999433,-0.13997854,-1.535705,1.2717397,-1.0146704,-0.098747104,-0.9924276,-1.1350169,0.52476376
60,-0.37590957,-0.085347086,-2.053812,-1.1656848,0.051629305,-1.0473405,-2.0272982,-0.60137254,-0.4127793,-1.0436049
61,-0.065443695,-1.3622355,-0.2954367,-0.5611262,-1.0910859,0.74913156,-0.29894325,-1.0880165,1.0601121,-0.8090149
62,1.6495883,0.48870695,0.6990229,1.7817245,-0.17271024,1.2265133,0.7030976,0.8702209,1.3602409,1.0408447
63,-0.3239228,-0.40088645,0.70741427,-0.48628294,1.3798509,-1.7020285,0.74612844,-0.3965467,-1.2957064,-0.24266519
64,-0.6903018,-0.9368837,0.55784416,-1.6577061,1.4060605,1.2605586,0.604885,0.50578517,0.94803655,-1.2180111
65,0.6406959,-0.6023663,-0.43676016,-0.7713796,1.2267283,0.045197807,-0.40732145,-0.75973886,0.8328948,-0.22391067
66,1.0423708,1.749573,0.8631743,0.44225883,-0.59948325,1.3457053,0.81518507,1.5924284,0.9804144,0.60068077
67,-0.8032444,-1.0032032,-0.9276102,0.7144782,-0.9732556,-0.93820494,-0.9451678,0.21401551,-1.3495305,-0.6366957
68,1.7595842,1.6438177,0.7982268,1.1507044,-0.39180803,-0.11668737,0.8490858,0.8910991,0.07964801,1.7232054
69,0.1327816,-0.027179763,0.23172297,-0.11374569,-0.15165865,-0.7052163,0.23501801,-0.4355751,0.30445987,0.582739
70,-0.2018852,-0.03168811,-0.14640397,-0.33845025,-0.95095754,-0.4765739,-0.15217486,-0.06752172,-0.41102386,0.69906974
71,0.72436416,-0.44597936,-0.14937255,0.5199406,0.19863755,1.395611,-0.17296606,0.30066562,0.53989244,-0.9194435
72,0.2912533,0.77328753,1.8199954,-0.42593437,1.4482946,1.4564276,1.8267457,0.38762587,0.16904357,1.5473527
73,1.7499197,1.0831113,1.2637413,1.2769306,1.0281819,0.09005086,1.3838215,1.096834,0.4378426,2.1672096
74,1.2470095,0.6652004,0.08264248,0.8849658,-0.5944139,0.4433106,0.07011372,0.73487115,0.5646903,0.50529766
75,-1.1498456,-0.36267892,-0.5021875,-0.406268,-0.5123799,0.21275477,-0.38347366,-0.41583198,-0.11586009,-1.182337
76,-0.6447605,0.29984245,0.51368487,-0.98706937,-1.093597,-0.28065628,0.54352933,-0.43266293,-0.74690783,-0.9073809
77,0.8083075,0.80642545,0.7608183,0.29289132,0.95087403,2.0734253,0.7510513,1.7162771,0.52222407,-0.42276418
78,0.96173143,1.0632759,0.5447322,1.1184232,0.03044945,0.4141366,0.4608412,1.076282,0.9456223,-0.049905337
79,0.9226733,0.71585864,-0.84073496,0.5809236,-0.77773756,0.52339935,-0.843869,-0.04296358,1.9893475,0.676777
80,-0.06719047,0.7581933,0.8685717,0.1538795,-0.1738918,-0.5536808,0.9161864,1.2944759,-0.08221258,1.1328648
81,1.5604112,1.2246909,0.9928384,-0.117196955,0.34718198,1.302319,0.96775675,0.4116751,0.6367563,-0.34178355
82,-0.7343863,-0.34536645,0.3786163,-0.7632416,-0.5293005,-0.2197395,0.35411632,-0.09785977,-0.4987424,0.14473115
83,0.9071963,0.64239556,1.0543227,0.5330938,0.87101734,1.3488997,1.1472123,1.5185559,-0.15438998,0.44255078
84,-0.4481302,-0.45546854,-1.3505087,-1.1703893,0.28397453,-2.030566,-1.3059478,-1.4171581,-0.9532337,-0.4235493
85,0.6285361,-0.80619633,0.67698926,-0.6003295,1.1189079,-0.039740622,0.70752853,0.39798218,-1.8965482,0.40154076
86,-0.9645004,-1.2290958,0.80144954,-1.1564763,0.93231964,0.5081747,0.8646088,-0.9247657,-0.59061027,-1.535332
87,-1.3595407,-0.05131999,0.28285706,-0.47367367,0.725763,-0.8259411,0.23604473,-0.113166034,-0.6402077,-0.64258945
88,-0.12169315,-0.3845393,0.12802866,-0.63868415,-0.35199648,-0.7623259,0.0647475,-1.1747493,-0.85226953,-0.58715206
89,0.40213582,-0.8428339,0.6609044,-0.5475007,1.9805082,-0.4982906,0.72845584,0.38234603,-1.0689045,1.0111129
90,-0.73099124,-0.5894308,-0.2598647,-0.56838334,-1.0008818,0.016077042,-0.3197625,-0.1082581,1.2767721,-1.4639506
91,-1.3792167,-0.4026385,0.25368446,-0.8684641,-0.6390945,-0.77023005,0.30299,-1.2160275,-1.534882,-0.6081086
92,0.35745168,-1.0908043,1.6772237,0.6458299,0.36498728,0.10714631,1.6906002,0.5812021,-0.112276554,0.77825785
93,1.8895576,0.8763914,0.86131173,0.7214627,-0.19083792,0.60616404,0.80007756,0.8130728,1.1289517,2.2514973
94,1.2285781,0.64042735,-0.3569501,0.5899834,-0.20543356,1.2319996,-0.41963813,0.75065345,2.0993078,-0.8630933
95,-1.6181054,-1.3427706,-0.1921016,-1.701973,1.1334944,-1.9759905,-0.2766294,-0.59554726,-1.6700894,-0.052855708
96,0.5978694,-0.32028306,-0.1217612,0.08804655,1.0337188,-0.019714143,-0.19536981,0.13790274,0.03950706,-0.911722
97,-0.7561787,-0.3448557,-0.028074406,-1.0469518,-0.83162576,-1.4182808,0.009431686,-0.5075232,-0.0122567415,0.0067451447
98,-0.6615525,-0.1909114,-1.7140586,-0.46771055,-0.11540282,-1.322,-1.6712751,-0.7645633,-0.0921787,-0.7887305
99,-0.3776197,-0.47042495,-0.14341387,0.39028624,0.5003921,-0.22977985,-0.19375142,-0.12065783,-0.6830572,-0.5546921
100,-1.357924,-1.6408637,-1.8214715,-1.2149302,0.52633846,-0.70735204,-1.7767247,-2.055588,-1.1287265,-0.4694263
101,-0.80236274,-1.0684645,-0.53627175,-0.6003893,-0.7373038,-0.124123245,-0.505168,-0.4830877,-0.23233399,0.117787555
102,-2.1193686,-1.6830256,-1.2231891,-1.3542615,-0.7342159,-1.2546626,-1.1800642,-1.4140977,-1.3415905,-1.410913
103,-0.9852724,-1.1721861,0.9057139,-0.30356514,0.92129654,-0.439308,0.8917073,-0.8995018,-0.46751773,0.097236626
104,0.72213393,0.42293036,1.0675282,0.7080538,1.0246229,0.24961,1.1909611,0.882709,-0.79965365,0.30811194
105,0.9385468,1.0134597,-1.7524786,0.3061135,-1.6193824,0.6129589,-1.7263081,-0.522942,1.9220358,-0.56673825
106,-0.5700705,-0.851662,-0.22610682,0.44001946,0.03719347,-0.44836235,-0.17610618,-0.18333775,-0.6831509,-1.3086044
107,-0.94210297,-0.07638283,-0.17151141,-0.8508798,-0.3784355,0.17309168,-0.24136071,-0.5480182,-0.7774671,-0.0864521
108,0.4020043,0.53030217,0.5824019,0.122144416,1.164783,-0.467917,0.572775,0.19439194,-1.3198246,0.9411125
109,0.87113017,0.32350644,-0.88479805,0.7987248,-0.48897985,0.50473684,-0.8863863,-0.70659244,1.1553056,-0.534692
110,0.12033335,-0.21777748,1.4073255,0.6986217,0.112493224,-0.25190064,1.4843729,0.69597125,0.13045752,1.1732261
111,0.92051315,0.5315255,0.34101737,-0.10269221,-0.2312162,0.24504818,0.33812004,0.8152542,0.7651088,1.2036335
112,0.2184135,-0.02687458,-0.29471052,0.3890585,0.08353069,-0.44214392,-0.28990585,-0.12510607,-0.20307095,-0.38994527
113,-0.24867797,-0.9217932,-0.7461616,-0.55370843,-0.6281627,-0.16930762,-0.697559,-1.776683,-0.023660442,-0.06655342
114,1.4430678,0.48881695,-1.2738875,1.0262945,-0.5252938,1.4788809,-1.2478045,-0.07548827,0.9151006,-0.0887641
115,-0.33092672,-0.011999086,-0.41143575,-0.34777364,0.51018023,-1.1820539,-0.37621862,-0.27258462,0.3336408,-0.9635769
116,-0.035709262,-0.30667576,-1.4893837,-0.82342356,-0.87837964,-0.2066735,-1.5045371,-0.20871541,-0.2456285,-0.45241696
117,0.05331198,-0.24396937,0.4472322,-0.7413986,1.7996155,0.64701843,0.42631885,-0.3230933,0.75565577,-0.6432234
118,-0.619416,-1.0314779,-2.2224274,-0.19491184,-1.8419975,0.13905245,-2.2179747,-0.8718052,1.129487,-1.4988424
119,1.0590847,0.46155095,0.38722938,0.98974997,0.22208692,0.6566179,0.33912128,0.40466082,-0.47108126,0.77882993
120,0.101565,0.012051612,0.2601716,0.3200879,-1.1892265,1.3696523,0.25855696,0.61987394,1.3552239,0.10278608
121,-0.5533641,-0.9742265,0.34234083,-1.030055,-0.32529873,-1.1930677,0.37836817,-0.6233102,-0.053260535,0.8620101
122,-0.07100174,-0.16271172,-0.07623324,0.7146036,-0.12317133,0.6531723,-0.12556858,0.17469537,0.29674947,-1.4503548
123,-0.3718979,-0.7717197,-1.4717647,-1.0717525,0.18206134,-1.1983165,-1.4812967,-0.8299817,-0.6023333,-0.98727787
124,-2.0078201,-2.028986,-2.4543045,-1.9506189,-0.23093194,-2.2397156,-2.3731012,-1.5514011,-0.91915375,-0.35476932
125,1.1333361,1.1841972,0.00108549,-0.31623775,0.4344704,0.7994644,-0.06449763,0.4100907,0.17231551,0.371686
126,-1.4652011,-1.5928475,0.9127579,-0.15823385,2.0858455,-1.4360507,0.88105285,0.045498252,-1.3808532,0.11376144
127,0.6480472,0.5043702,-1.0736253,0.6867935,-1.0422912,-0.6924108,-1.043364,-0.26635027,1.5784554,-0.9445568
128,-0.3133574,-0.9365314,-0.31146276,-0.8164325,1.3599625,0.26712742,-0.2357098,-0.33857602,-1.3567977,0.10181463
129,1.3553154,1.5730014,1.501738,2.458039,1.5296111,1.8160583,1.6101607,1.19612,0.45992932,0.39277986
130,2.6164985,1.6264677,1.0789042,2.0451698,0.7028397,2.0451279,1.0410576,2.6296697,1.3732859,0.42437404
131,1.4070666,1.4086113,0.70957875,2.2436,-0.38143796,1.0206461,0.7605368,2.037036,1.7848251,-0.019542243
132,0.36296755,1.0737467,-1.0990088,1.5234826,-0.7311411,0.39854345,-1.0951053,-1.0610778,0.696087,-1.420038
133,-0.82443374,-1.8591866,0.14083315,-0.9783911,1.0991423,-0.7800138,0.16555026,-0.44205981,-0.19124246,0.2669595
134,-0.7141621,-0.13806495,-1.8244402,0.15166423,-1.330164,0.771011,-1.7631197,0.28543884,0.6049181,-0.24672799
135,0.44895914,-0.2574844,-0.38527143,0.053946868,1.4732795,0.42719162,-0.31647003,0.010067046,0.79906785,0.6577308
136,-0.10509519,-0.49718148,0.3788549,-0.99092424,0.63976634,-0.37874705,0.36922354,-0.34592277,-1.3628094,0.7636156
137,1.6326321,0.37031582,0.615183,1.5383602,0.016835213,0.5253264,0.64138985,-0.06889685,0.7413129,1.5039768
138,-0.16258016,-0.53558683,0.19302246,0.31116197,1.9716983,-1.3961351,0.23608813,-0.1590578,-1.241797,-0.6467022
139,-1.2425795,-0.43213373,0.82657266,-0.8530754,0.75476557,0.58129823,0.89305055,0.9831486,0.3192712,-0.33335558
140,0.3603507,0.43570927,-1.2847775,0.16388042,-0.5600766,-0.86790127,-1.3252518,-0.5650258,-0.56529284,-1.3840322
141,-1.1535363,-0.77403593,-1.9239783,-0.82899284,-1.1563268,-0.4570579,-1.9138024,0.055941403,0.5248617,-0.76444596
142,1.1426709,0.90589345,0.4708526,0.77666205,-0.87464577,0.29001772,0.47959042,0.88006485,0.5017543,1.0715245
143,-0.24591568,-0.25424343,-0.18525465,0.032094464,0.47473782,0.17168011,-0.18684953,0.73654276,-0.562069,-0.60670394
144,0.7666389,1.2688397,0.5314802,0.49751872,-0.070287794,1.2060584,0.56070167,0.4929474,1.9376645,2.2564883
145,0.031131528,0.899767,-0.041661084,0.3215837,-0.6613916,1.9856639,-0.12853839,0.21135443,0.23428485,-0.44216552
146,0.18390493,0.38455626,-0.018337943,-0.36377117,-0.4628289,0.104981154,-0.013156898,-0.9936218,0.09021928,0.08700399
147,1.3590232,1.2918761,-0.069603786,1.456054,-0.15396781,1.3784547,-0.10498981,1.3903284,0.90762794,0.48249704
148,-1.8839334,-1.4974865,-1.5767944,-1.4957614,-0.13654745,-2.028613,-1.5676373,-1.6230855,-0.4968161,-0.3277098
149,1.7780592,1.4579556,-0.22861488,0.08510544,-0.59077996,1.2240162,-0.26966113,0.2710818,1.2105672,-0.47138506
150,-1.0696107,-0.4779781,-0.020000976,-1.202826,0.8133522,-1.4093688,-0.032616556,-1.040005,-0.69673693,0.25461248
151,-1.1069059,0.10760469,-0.23719557,-0.9311221,-0.42701226,-0.040427774,-0.24702969,-0.58940655,-1.266397,-1.0347884
152,0.05021611,0.48350722,-1.0120174,-0.68339527,-0.42172307,-0.019764692,-1.0013602,-0.7170446,-0.6195008,0.8848122
153,1.9776189,0.7595752,0.3969135,1.0957493,0.08633687,1.5165843,0.389296,1.8389957,2.115837,0.52792394
154,1.1409385,0.33754438,0.6538022,0.3837073,-0.08899655,0.3270124,0.66577226,1.5867989,0.37075174,0.63181543
155,1.2522007,0.650862,-0.522393,0.7992604,-1.4458704,0.10777104,-0.48281497,0.69690895,1.9456772,0.7345648
156,0.3583624,-0.089624494,-0.19632599,0.1620915,0.5966863,-0.679434,-0.24480183,0.46711373,0.48820972,1.248816
157,-0.6069193,-0.8714907,-0.080486,-0.16204977,0.19914477,-0.5564564,-0.10766949,-0.41768283,0.28138918,-0.1050103
158,-0.19737202,-0.6282826,-0.37084967,-0.19847819,-0.92975974,0.33957458,-0.31108344,0.7222013,-0.101162225,-0.25017732
159,1.8589795,0.24748519,0.71148276,-0.25659075,-1.2859899,0.40536475,0.7660803,-0.27075595,-0.86482877,-0.53811324
160,0.49331892,-0.16198766,-1.7028868,-0.06896876,-0.42386347,-0.15795286,-1.6584959,-0.8983779,0.8546097,-1.3620219
161,0.82084334,1.8860497,0.49354666,0.7854446,-0.5924785,1.0492208,0.39152223,1.2312015,1.461573,1.9686637
162,-0.5797375,-0.96129805,0.30954945,0.073604256,1.2421973,-1.4342371,0.36863232,0.71402985,-2.0240617,0.5637803
163,0.64935255,-0.09735071,-1.1556543,0.8571136,-0.4749384,-0.5482403,-1.1583467,0.8134063,-0.007911727,-1.1301684
164,-0.6040077,-1.3062677,-1.1507896,-0.4213075,-0.4903366,-0.10290783,-1.1287676,-1.0061859,-0.8021456,-1.3736409
165,-1.2778327,-1.3409352,-0.25267282,-1.0877905,-0.17147097,-0.5687572,-0.17995262,-0.16452032,-0.8408533,-1.672133
166,-0.41043758,-0.3305645,1.5047894,0.029104836,0.74525213,-0.60792774,1.5733186,0.27766234,-1.185033,0.3382666
167,0.16379046,-0.4083991,0.1947767,-0.9172597,-0.07253379,0.38111743,0.2242891,-0.68740416,-0.4768743,-0.14200348
168,0.24391954,0.14526999,-2.5547125,0.19740796,-0.6528599,-0.23663366,-2.502793,-0.58289295,-0.18040651,-1.4711118
169,-0.24260463,1.4154325,0.4966274,0.9246745,-0.19376111,-0.20692347,0.48179126,0.5624663,-0.25215307,-0.47146955
170,-0.46692768,-0.5487219,-0.3782337,-0.121497184,-0.90329695,0.8815532,-0.30919784,-0.2304315,0.056236565,-0.8510284
171,-0.13449658,-0.37148064,-0.2520057,0.66153944,-0.24656384,0.29638696,-0.25498512,-1.2902143,-0.8898382,-1.5877421
172,-0.8862715,-0.5454941,0.34404638,-0.46143186,0.6797959,-1.047538,0.36598724,0.4552189,-1.0350413,-0.30886716
173,-0.71343374,0.6054503,1.193012,0.9608489,2.443996,0.18197769,1.2757668,-0.734781,-1.4046429,0.8397613
174,-0.53440315,-0.8789848,0.8562962,0.19426411,0.6877927,0.34293658,0.8461981,0.13466987,0.002121359,0.6153741
175,1.0003172,1.5761042,1.4249191,1.1536599,1.5978022,1.2364655,1.498604,1.5274407,1.320807,2.0356276
176,0.14529648,0.39502847,-0.058890596,0.33850092,-0.06419957,-1.4068477,-0.039816566,0.16583753,-0.40478486,1.1851517
177,1.0240552,0.012580693,0.43778306,0.8490773,-0.99313676,1.0197167,0.45571902,1.436729,1.3191259,0.8775774
178,-0.6713812,-0.7337582,0.74229896,-0.6937957,0.33897567,-1.345339,0.7845977,-0.7156362,-0.71247035,-0.11037135
179,0.13570186,0.44358844,0.301228,0.53939396,-0.23159938,-0.63198817,0.27758878,0.14635278,-0.6387098,1.4322171
180,0.38220957,0.8007549,1.1746142,1.3429893,1.7447505,1.0574632,1.2413418,1.2248914,0.33765993,-0.5933317
181,0.27803642,0.431942,-0.98477846,-0.12059176,0.016924322,-0.14139864,-0.9657258,0.15847565,0.002679564,0.27553678
182,0.5356302,0.7703487,1.0154269,0.879767,0.017755765,1.2582542,0.9721278,1.1229848,0.4438468,1.6331322
183,-0.83270895,-0.06547287,1.3186817,0.4901369,2.7592847,-0.42847842,1.5329143,1.4290774,0.0052357316,0.41432703
184,1.7522948,1.2824183,-0.032573693,0.77336514,-1.3000126,0.18977067,-0.02808778,0.057903916,-0.08457348,1.8303125
185,-0.3968101,-0.5111624,-0.1789557,-0.74114215,0.3708862,0.49701276,-0.17739448,0.71370286,0.26721472,-0.2786605
186,0.94240147,0.27818868,1.3467238,1.1907823,0.28201082,0.5053681,1.3127983,1.6313937,0.1891547,1.1096238
187,-0.6263211,-0.15910335,-1.5074503,-1.2314515,-0.17753369,-1.2739682,-1.5076289,-1.378833,0.10957016,-1.3081889
188,-1.3244905,-1.6333799,-0.38087812,-1.5559423,-0.6265381,-1.4296683,-0.32117295,-1.4205968,-1.2911415,-0.54316866
189,-1.3354392,-1.3880615,-2.1790454,-0.6346246,0.17741466,-1.3604071,-2.1973548,-1.6807935,-1.3174565,-0.516903
190,1.1242142,-0.02485641,1.1742699,1.0146317,-0.46778,1.6377318,1.301593,1.3469326,1.916987,-0.40451992
191,2.9610283,1.2786441,1.3752439,0.9920941,-0.020080313,0.79183054,1.4253354,2.7120943,0.766955,1.9955968
192,0.032669157,0.6499174,1.4398913,0.56743467,1.6545478,0.7615035,1.3889408,1.6557002,1.4215363,-0.35123155
193,1.1712819,0.15815793,0.1680544,0.014626868,-0.037846833,0.2522164,0.12842876,-0.69161916,1.112811,1.0863502
194,6.709993e-05,-1.0967027,-0.0070973784,-0.86652875,1.8393761,-0.5430339,0.0067474544,-0.06252089,-0.5863892,0.503275
195,1.1768883,0.99051297,1.4738853,1.4680605,0.17870218,1.3367877,1.6936361,1.3488219,0.38217634,0.4984038
196,-0.40495443,-0.20627278,-2.0153363,-1.0680926,0.21035388,-0.73035586,-1.987463,-0.52606225,-1.0981728,-1.5229504
197,0.8517717,1.3853345,1.216053,0.9981227,0.0046827793,1.0236204,1.2490988,1.5323964,0.8951829,2.005157
198,-1.951335,-1.5024593,-1.1503041,-1.4483701,-0.34671128,-1.6036091,-1.0840783,-1.2771913,-0.8663795,-0.17344081
199,0.011588082,-0.11113998,0.2989124,-0.4532758,-0.6720897,-0.25629592,0.27692896,0.47157693,-0.6721661,0.50936633
200,-1.6000589,-1.0127788,-2.0558224,-1.9042932,-0.4253622,-2.1190462,-2.0093963,-1.291721,-0.26300693,-1.5259926
201,1.8010609,0.83089817,0.71490204,0.6787522,-0.6631709,2.4809325,0.6607114,0.7723382,2.0320718,2.3166852
202,1.3472053,1.5493343,-0.118275255,0.8642545,-0.28910232,0.25096324,-0.14758414,0.8416931,1.3963976,1.7668073
203,2.9031708,2.4903893,1.222922,0.77084714,0.6650954,1.0831952,1.2282909,0.9418752,-0.23877007,0.19416106
204,-1.0990347,-1.6082724,0.17886373,-1.3693348,0.88943857,-0.4503714,0.21444154,-1.7007318,-0.3804183,0.33142942
205,1.8543804,0.94195414,1.1010566,1.5855813,-0.34952915,0.6615554,1.1295094,0.8953811,0.44328475,1.864912
206,1.4835093,0.9053143,0.105671965,0.8994869,-0.20964237,0.104982525,0.08176633,1.713017,-0.30991662,1.8940415
207,0.88866174,1.5461543,0.5350058,1.2410061,-0.55439794,1.7710285,0.50791943,1.4935098,1.2094748,-0.6070665
208,-1.312968,-0.9746315,-0.58749545,-1.654119,0.19808798,-0.4054528,-0.5549679,-0.23007,-1.1558425,0.45387527
209,-0.8377838,-1.1376479,0.41124278,0.916443,0.6915007,-0.10521115,0.4994475,0.67083466,-0.6998302,0.4663383
210,0.35044375,0.49851638,-0.694454,0.69188017,-0.52022886,0.30845493,-0.66838115,0.25389144,1.0414065,0.74863255
211,-0.1532083,-0.16146141,0.20050299,0.15528744,-0.6443769,-1.0966222,0.16692428,0.3133223,-0.5717136,-0.6886119
212,-0.6464187,-0.39238688,1.178016,-1.0336843,2.4744458,-0.66015077,1.1372705,0.6839253,-0.26545218,-1.1787899
213,0.12756519,0.10362187,1.0891819,0.23704353,0.95960164,-0.2687983,1.1154212,-0.24191082,-0.29552054,-0.15394191
214,-0.07499009,0.03457037,-0.46247825,0.012478709,0.0025492907,-0.2556068,-0.48992682,-0.67964107,0.8635165,1.1080223
215,0.8940681,2.366026,1.4906157,1.7736079,1.5089461,1.66798,1.5866691,1.8305664,1.7716641,-0.23641017
216,1.673351,2.185781,1.6130495,0.6809988,1.6759013,1.2420132,1.8105029,1.4003922,1.2075952,0.582466
217,0.15779293,-0.3090373,0.76119924,-0.24265863,0.90627545,0.41791004,0.7512883,1.3694173,0.07169111,-0.6010904
218,-1.4253004,-2.289088,-0.9451823,-1.8531942,-0.42727926,-2.0726993,-0.94751626,-1.4343709,-1.1570991,0.1167191
219,1.5800627,1.433328,0.2886502,-0.21067953,-0.65495944,1.9066305,0.30032492,0.26266426,1.6799617,-1.1076857
220,-0.55409396,-0.40768716,-0.8015356,-0.6343113,-0.36688158,0.07241608,-0.81367564,-0.8179152,1.1673192,-1.1266605
221,-0.49994653,-1.626976,0.8390668,-0.20626038,0.91457105,0.1924151,0.86080396,0.16462798,-0.050608784,0.3974981
222,0.60945547,-0.5107143,0.79160607,0.12323937,1.4449992,0.19639124,0.818431,0.121047646,0.5440897,0.58234596
223,0.5569367,-0.049578905,0.6128143,0.63828063,1.2532221,0.53051084,0.631235,0.76178306,1.0633924,0.8437611
224,-1.1903517,-0.081617564,0.38423175,-0.69687915,0.051804498,-0.32761472,0.40144962,0.36239338,0.2961048,-0.4794923
225,-0.07648972,-0.9582614,0.82598084,-0.23594686,-0.00086069107,-0.92221004,0.8546762,-1.3744757,-1.0909903,-1.5213056
226,1.8087914,0.9337104,0.6493475,0.9859313,1.5136089,1.3337803,0.7487816,1.3490534,0.4606616,-0.8471917
227,0.17685513,-0.7887441,0.82037383,-0.73903155,-1.0291687,-0.6018019,0.9041302,0.32506275,-0.5004763,-0.24417159
228,-0.6530318,-0.36714306,0.01164354,-1.1318927,-0.69296134,-0.2792102,0.0028731115,-1.5209856,-0.72502553,-0.14162952
229,0.3912204,0.34604862,1.0524297,0.36123264,-0.8683727,0.037143372,0.9616815,1.3474301,-0.7590294,-0.919324
230,-0.21717197,0.36561006,-1.9811196,-0.5970261,-1.2191424,0.31110543,-1.9211113,-0.6135775,-1.1343434,-1.5105069
231,0.010638952,-0.3940009,-1.3637877,-0.40134418,-0.90476346,-0.61845565,-1.3416516,-0.55137485,-0.69636023,-0.9962182
232,1.0472126,1.8674548,0.7270216,1.4428325,0.11082412,0.77092266,0.69992864,1.0624832,0.8958355,0.8843423
233,-1.5712495,-0.25376785,-1.7918403,-1.8169317,0.69200575,-1.2676568,-1.7737234,-1.1289566,-0.35680193,-1.5558449
234,-1.0477374,-1.9231116,-0.9480677,-1.0762111,0.9209888,-1.6355505,-0.91405886,-0.6374223,-1.4691163,0.15182003
235,0.5838525,0.8096145,-0.6025015,1.480104,0.81570864,1.6388668,-0.6412432,1.2401268,1.55183,-0.6920552
236,0.014415085,-0.5841258,0.6839721,0.89124894,0.5176595,0.4752912,0.70286536,0.060260385,0.02624911,-0.1874364
237,1.693874,1.1297133,1.4106724,2.1129432,-0.13043633,0.9315784,1.4619623,1.5478256,1.6994792,1.980116
238,-0.42998835,-0.7973443,-1.6854875,0.036411576,-0.41632092,-1.4332877,-1.6937,-1.0350593,-0.8365028,-0.93866456
239,1.8798351,2.0270247,1.0605732,1.7457333,0.14276692,1.3474562,1.0839854,1.52083,0.3487221,-0.123823225
240,-0.7062451,0.30000478,-1.6884897,0.5121013,-0.9602025,-0.6576954,-1.5929503,-0.038735196,-0.068969816,0.29573146
241,-1.1449834,-0.38700473,-0.014320321,0.22896007,-0.879305,0.35080108,-0.05053523,-0.1610887,0.16415769,-0.56306374
242,-0.5415808,0.9256656,-0.08299469,0.10019511,0.08290807,0.04096368,-0.02080769,0.6211371,0.2875343,-0.8640616
243,1.2675902,1.2301943,0.26532015,0.7428034,-0.23446992,0.50445765,0.2599956,0.6571524,0.48288468,-0.053221203
244,1.3698364,0.9347174,0.07961108,0.8869158,-1.6067066,0.70542973,0.030977264,0.6342521,2.0034628,1.0484273
245,-1.0292788,-0.4668255,-1.6346135,-0.25415277,-1.0649028,-0.5531448,-1.6101784,-1.3444796,-0.5680054,-1.5480896
246,0.43368825,-0.6503966,1.0363216,-0.23829253,0.119646914,-0.005198717,1.0042261,1.3757457,-0.5637693,1.0101559
247,-0.51897573,-0.8504673,0.29028177,-1.0550615,1.3485525,0.018670253,0.30103984,-0.09595543,-1.1538014,0.85723674
248,0.8682181,1.8713712,0.52755564,0.7964648,-0.57359666,0.37581098,0.5555333,-0.15013164,1.1371,1.7105603
249,1.1371492,1.8092873,0.8925734,2.1796913,-0.1511786,0.5047878,0.96986794,1.1525944,0.057953216,1.8866296
250,-1.7784557,-2.3388412,-0.2553204,-1.6573393,-0.14319986,-1.8898759,-0.31827238,-0.87443656,-0.3400982,-0.28219122
251,-1.1111386,0.2146737,0.27236384,-0.10045031,0.035275884,-0.17554215,0.27893668,-1.0333223,-0.13563335,-0.68901205
252,2.3694031,2.4688745,0.66377234,1.8937895,0.7814126,2.4971325,0.6604409,2.7882135,2.2892413,0.5265082
253,0.013532877,-0.2198537,0.44282818,0.7267658,2.0525546,0.47339904,0.40416932,-0.8459727,-0.5021275,0.1763073
254,-1.2482342,-1.5671148,-1.0703783,-1.152807,-1.1125178,-0.812125,-1.0430923,-1.824899,-0.9378626,0.3222355
255,0.5967075,0.6043277,1.427233,0.2604681,0.11709792,1.1232295,1.4418736,0.21036033,1.192517,-0.76288855
256,1.6334267,1.402737,1.2717005,2.4333315,-0.21989232,1.1917555,1.2827935,1.3346796,1.4955919,2.4888883
257,1.2688539,0.8827925,0.4592002,1.7633059,-0.51840615,0.6436025,0.48704824,1.3832245,0.907157,0.5969844
258,0.8058719,0.3397896,0.35330382,1.1954608,0.8328272,-0.0405775,0.5115713,0.3803921,0.32698762,-0.8225366
259,-1.2661707,-0.59844005,-1.6807833,0.1616313,-0.32625738,-0.43188184,-1.7012913,-0.53586525,-0.17684053,-1.5061358
260,0.030149788,1.4171259,1.1800412,-0.015176982,0.8120396,2.073007,1.1937144,1.5888529,1.8765373,-1.271428
261,-0.6565794,-0.7415483,-0.8720262,0.18026426,0.25902906,0.46526992,-0.8553581,-0.5538522,0.46286693,-1.0665951
262,-0.085035995,0.9983828,0.7603676,1.3853674,-0.0082856715,0.5226686,0.75944877,2.6551657,-0.28934962,0.5521494
263,-1.7036383,-0.42267898,-0.675043,-0.47578698,-0.8733574,-0.6788383,-0.7087244,-0.8085234,-0.19179228,-1.3301309
264,0.1003311,0.74386287,0.91903734,-0.44035116,1.2147352,-0.38337487,0.980648,0.635406,-0.44220304,-0.013391092
265,1.2720758,1.1938157,0.97653544,1.370637,1.6533574,1.4070618,1.0319344,1.5423665,1.0338769,-0.13955204
266,0.5712919,0.6182919,0.7206206,1.1462476,0.4897419,1.330197,0.8326435,0.78242457,0.91213024,-0.16302694
267,-1.7743192,-0.991083,-0.40968633,-1.2061505,-0.33802426,-1.6453946,-0.44043577,-0.4444669,-1.1280073,-0.34921795
268,0.25259954,-0.26697657,0.5251496,0.05160565,1.7574844,0.95349705,0.45963734,0.8916116,-0.19403544,0.8342361
269,-1.0238404,-0.41397202,0.36001226,-1.1652286,0.3755737,-0.28766164,0.3884643,-0.27437717,0.36537945,0.517805
270,0.039968282,-0.32064256,-0.39049885,0.69892776,0.5892735,0.47599295,-0.3591447,1.781399,-0.12221642,-0.31367016
271,0.41280368,0.2930505,0.42339227,1.3001311,-0.2800762,-0.5072956,0.4034062,0.30135754,-0.070832804,0.064266376
272,1.4946437,0.9491091,1.1990796,1.3443007,-0.000834845,1.2691303,1.1840782,1.0814059,0.13027853,2.5683315
273,1.1452444,1.583211,1.021251,1.8159815,0.08879973,0.07530251,1.1414852,0.15616062,-0.10544807,1.47032
274,0.33714652,0.2829997,0.5748358,1.3332815,1.2880752,1.2148163,0.4155928,0.502862,0.50204235,-0.4479541
275,1.0742929,1.0960681,1.913243,1.0670148,1.36954,0.5781437,2.036882,1.72528,-0.19748709,1.5477886
276,0.9231186,0.59225875,-0.9330796,0.97249424,-0.77564514,-1.0104167,-0.9088202,-0.3151642,0.12986308,0.39433396
277,-1.9572554,-1.6014295,-2.1329262,-1.2020485,-1.2747744,-0.54470396,-2.0541458,-1.6954639,-0.32197672,-1.5309291
278,1.6551955,0.99385834,0.54157996,1.4108034,0.033019334,0.8338059,0.5805162,1.6883986,1.3625975,0.46667305
279,1.4162581,0.47579774,0.38206297,1.7374063,0.33891425,0.92277235,0.41999775,0.14621633,2.1154134,0.6087526
280,-0.16367005,0.2283926,-2.210784,-0.45116225,-0.27504304,0.09687805,-2.1720219,-1.3732424,1.4014049,-0.79270005
281,-0.10886282,0.25886422,-1.5863574,-0.28158027,-0.59224445,0.6064472,-1.5480934,-0.548916,1.1528153,-1.333106
282,-0.38435897,-0.2854805,-0.13963681,-0.07921143,0.2514979,0.5364473,-0.21684071,-0.90939176,-1.7257773,-0.07663247
283,-0.8572403,-1.5673001,-0.42118627,-1.5833523,0.054528743,-1.4649442,-0.3781321,-1.2399532,-1.0158044,-0.020631656
284,0.33881173,0.20363083,-0.7738709,1.5370836,0.43401977,0.6014701,-0.85659826,0.26458508,0.36865944,-1.275235
285,-1.3225155,-1.3595176,-1.6246045,-1.7095811,-1.7667255,-1.7674843,-1.5440545,-0.2985713,-1.8330991,-0.5564972
286,0.17185925,-0.22461835,-2.2711182,0.4646343,-1.343617,-0.6052941,-2.2612457,-0.836476,1.5407587,-1.1375828
287,2.2304857,2.6245394,0.9537064,2.5027578,0.95702934,1.943487,0.8665117,1.8128493,1.7876208,1.0304508
288,-1.3565879,-1.2160054,-1.8584071,-1.328786,0.10643071,-0.9912092,-1.8582839,-1.3187597,0.16756737,-1.2450595
289,-1.3014796,-1.5281806,-0.7091118,-0.96996963,0.9227339,-0.85876566,-0.67102796,-1.1387973,-0.33955663,0.45920077
290,-0.8869737,0.045257688,0.09818223,0.054139525,-0.59216225,-0.41771114,0.12214778,-0.4272462,-1.5036278,0.9463987
291,0.99139583,-0.010743558,0.13539842,-0.017901532,0.50736356,-0.26415223,0.14695024,1.3919045,0.094036974,1.3876866
292,-0.63313836,0.014257848,-0.12107028,-1.1394174,-0.45751038,-1.1552367,-0.12442471,-0.18117237,-0.5530592,0.17481244
293,1.1292748,0.63903195,-0.36976928,1.1431901,0.07705736,1.2265182,-0.32257792,0.223018,1.6801372,0.08046299
294,-1.342382,-0.42345038,-1.5745327,-0.6690243,-0.9702087,-1.7601235,-1.5415556,-1.1451396,-0.78524005,-1.4120364
295,-1.5370294,-1.4785783,-1.3924319,-1.8663627,-0.53431654,0.04854867,-1.3240486,-1.7581176,-0.75368226,-0.054313958
296,-0.7825059,0.0230347,-1.1362644,-0.23844773,0.32337236,-0.65338516,-1.139029,-0.7787097,-0.3935667,0.26624435
297,0.27284345,-0.035464764,-1.2801962,-0.64014685,-0.25853097,0.13925369,-1.2297828,-0.028427437,0.7301901,-1.2551563
298,0.78370273,-0.004704118,0.9473597,0.6488303,1.9046133,0.35966167,1.0548911,0.59505594,-0.84008473,0.41898525
299,-0.8832947,-1.4681895,-0.7283167,-1.5486593,-1.1045473,-1.6174822,-0.6881268,-0.39037338,-1.4018364,-0.38136125
300,0.2554437,0.5772288,-1.7174788,0.14357348,-0.79332674,0.9323219,-1.7523129,-0.04424253,-0.030800119,-1.5357571
301,1.0356593,1.3947464,1.5654471,0.51032734,1.450783,0.7360848,1.662221,0.4750107,0.06914456,0.9495995
302,-0.14478675,-0.44913542,0.7632786,-0.06431677,1.0604613,-0.25337854,0.7874777,0.22469833,-0.52187926,0.38490793
303,0.4923189,0.98878634,0.5763558,-0.46161327,0.17565505,0.7969283,0.5019094,0.76034343,0.5233587,0.55047566
304,0.5767054,0.5941569,0.9884727,1.3220909,1.3015709,0.9024207,1.0153499,0.9402958,1.5164661,-1.0202703
305,0.46191335,-0.47578868,0.5583204,0.7461904,-1.2164984,-0.06023854,0.5494094,0.27808022,-1.2656672,0.7783892
306,-0.2652427,-1.3784506,0.8990614,-0.74791974,0.65662146,-0.36546785,0.816679,0.26557058,0.5831899,0.81814206
307,1.1815763,2.040947,0.63356084,0.4697238,-0.19982156,1.0715189,0.66815925,1.8539805,1.0109375,-0.21660578
308,-0.012886912,1.0975952,1.2310102,-0.19180642,0.6083002,-0.49194446,1.3700676,0.4054638,-0.7160627,2.260126
309,-0.011037353,0.49449575,-0.45459944,-0.47249037,-0.3470058,0.39677832,-0.37651995,0.56247133,-0.6019561,-1.1710694
310,0.7561351,-0.7435452,0.40933138,0.7477236,-0.36987287,0.9806583,0.30674368,-0.06654638,0.2054504,-0.24633357
311,0.15849775,-0.9847479,-1.3681738,0.110006645,-0.7265178,-0.022162884,-1.3502809,-0.6683239,-0.59044623,0.093848445
312,0.085782334,-0.1048063,-1.7974751,-0.38664186,-1.1920322,-0.5370242,-1.7595973,-0.78047496,-0.64274937,-1.3919203
313,1.0751694,-0.627914,-0.22088064,1.2502556,0.46515983,-0.23287147,-0.21121615,0.061673533,0.78439033,0.98467135
314,0.14000703,0.50280714,-1.6736118,-0.25617182,-0.47007018,0.5342367,-1.655173,0.6998333,1.8099165,-0.555103
315,-1.9148409,-1.3356535,-0.67979485,-1.0205843,-0.75364053,-0.7872262,-0.6573235,-0.56595695,-0.82364595,-1.0488366
316,-1.1274811,-0.7869461,-1.9083313,-0.7788465,-0.03143519,-1.7010007,-1.9251465,-1.3615552,-1.494302,-0.74790573
317,-0.34949327,-1.0953434,-1.1701801,-0.78782666,-0.71310526,-0.70290524,-1.1695956,0.28842032,0.434471,-0.05910624
318,-0.5182585,0.07334989,0.085823625,0.80318195,-0.6685079,-0.48801798,0.08019377,0.5629666,-0.45718718,-0.24423298
319,-0.6918875,-1.3997889,-0.18895717,-1.3588121,0.17604458,-0.9849844,-0.15170474,-0.28105766,-1.089645,-0.069331445
320,0.6745163,0.6444138,0.80626464,-0.4147564,0.61565226,0.1429834,0.8391991,0.007935934,-0.3484557,0.7627385
321,0.8605557,2.5202703,0.33944625,1.1638362,-0.12760472,1.0681677,0.2840426,1.0827098,0.8948964,-0.43640915
322,0.47502887,1.3255734,0.33656228,1.1991017,-0.38493907,0.019741155,0.4101265,0.6976693,0.7682303,1.5345237
323,1.0227323,0.4375092,0.94833046,1.495467,-1.1563478,0.15219942,0.8581573,0.6756953,0.35743272,1.7060411
324,-0.8803247,-2.2286046,-0.11905075,-0.92024636,0.045101434,-1.3487108,-0.10252863,-1.275861,-1.2080649,0.20509899
325,-0.969926,0.5320363,1.0058675,-0.74373674,-0.7191734,-0.62701154,1.0447642,-0.48805702,-0.67627585,1.0547906
326,-0.51572734,-0.56380284,0.86239344,-0.18800382,0.18099129,-1.3316243,0.89049196,0.8204116,-0.35661745,-0.5215539
327,-0.86441433,-1.045903,-0.4751457,-0.7789289,-0.25437978,-0.82723343,-0.4377772,-0.20354643,-0.27281922,-0.62574154
328,-0.47543252,0.73544776,0.3591742,0.3510219,1.400185,2.3037567,0.33852533,-0.1288027,0.73676944,-0.4165844
329,0.282234,-0.13245659,-0.029661946,-0.15140432,-1.0109129,0.53087395,0.023384258,-0.2393126,-1.0102302,-0.1235034
330,-0.377414,-0.77497846,-1.1799617,-1.1968837,-0.188963,-0.41659683,-1.2092273,-0.9115267,-0.35169503,-1.1542919
331,-0.7792781,-0.43710864,-0.99380046,-0.4032741,0.35821906,-0.9461224,-0.9930149,-0.7851855,-0.4461496,0.0560856
332,-0.7154946,0.46769732,0.63470316,-0.8136568,2.3017292,-2.0220768,0.61403996,1.5648061,-0.9731401,-0.38503617
333,1.0155735,1.0716195,0.79787654,1.3803916,-0.19980325,0.32232454,0.81279784,0.34475276,0.5130014,-0.50324607
334,-0.85273385,0.23420414,1.0586021,-0.32788533,1.9019103,-0.44295582,1.0236993,-0.44738835,-1.0801654,-1.2594573
335,-0.054047957,0.52365065,-1.763403,-0.63393486,-1.1032985,-0.21102643,-1.7361054,-0.97937024,1.2899995,-0.98196375
336,1.439847,1.0427489,1.306349,1.4308916,0.93523395,1.4777265,1.3499804,1.3791257,0.55683124,1.8481458
337,-1.3145661,-0.8240146,0.39432883,-0.61001134,-0.6273292,-0.80206627,0.38760495,-0.658631,0.010065392,0.23531699
338,-0.6310903,-0.43522656,-0.92381895,-0.7363744,0.59609246,-0.037917256,-0.9217174,-0.110751934,1.1040949,-0.63877714
339,0.7176911,0.13533455,0.6493202,0.9247936,-0.45741516,0.50020564,0.64841974,0.2521986,0.29339263,0.08265844
340,0.13492654,-1.2652607,0.891537,-0.5084563,0.9219697,-0.25427967,0.8813972,-0.5049745,-0.6153651,0.09069584
341,-1.4663785,-1.4452674,-3.172802,-0.65641725,-1.4137216,-1.2262659,-3.0598173,-1.9953804,-1.1389539,-1.9609452
342,1.5603497,-0.35759985,0.7498429,0.2662641,-0.19736205,0.83674574,0.74700624,-0.06950724,-0.7226509,1.2015314
343,-0.9912406,-1.6057475,-1.3864903,-1.0311105,-1.3973423,1.2610265,-1.2661535,-0.8186419,-0.8288136,-1.3754616
344,-0.17618784,-0.1327946,-0.33384186,-0.6563523,0.50399417,0.40048194,-0.31942815,-0.8546352,-0.84677255,-0.18745771
345,-1.3039496,-1.7058146,-1.9496846,-1.9610186,0.1242947,-2.4451833,-1.9237063,-1.8239481,-1.8108791,-1.5750862
346,-0.105972335,0.9022425,0.5046513,1.0650594,0.19416817,0.21523361,0.5080305,0.689682,0.51213014,-0.030965894
347,0.43288592,0.4558868,-0.49525645,-0.5141784,0.18428917,0.24726716,-0.3973274,1.3241047,-0.63927495,-1.1033663
348,0.13937989,0.4924389,-1.8627717,-0.48626798,-0.68069667,-0.2588179,-1.8517087,-0.37413695,1.7937224,-1.1573017
349,0.16575325,0.102505185,1.2303804,0.34467208,-0.6187813,0.7951305,1.1934257,1.2045381,0.10282291,1.2221384
350,0.21560408,0.45841223,-0.08656082,-0.2746153,-1.1451225,-0.36805654,-0.13472085,0.48956722,0.7063379,-1.3844802
351,0.45297456,0.60706294,0.97580624,0.7561319,0.41432375,0.54950315,0.9640376,-0.21015823,0.8061708,0.93418
352,0.5540296,0.9388217,-0.09526461,0.9958601,0.48588735,1.4615897,-0.09200275,0.34411442,0.26170203,1.6598966
353,-0.24761711,1.2495176,1.0627639,1.1837091,0.8574739,-0.07248384,1.1458282,1.4900336,0.16247626,-0.9894607
354,0.88096434,-0.66535795,0.6792144,-0.15913637,0.64302325,0.6771748,0.66179806,1.1835332,-0.32025886,1.0473475
355,0.8464951,0.43200642,-2.134678,0.40989584,-1.7361752,0.746629,-2.129083,-0.46729717,1.7873087,0.8007332
356,0.40901035,0.3536509,0.39542902,0.74847424,-0.627199,0.2160446,0.43080088,0.40710932,0.34808904,-0.26071292
357,-0.020600498,-0.30721077,0.42710525,-1.0295446,0.7859064,-0.4975891,0.35662985,0.0595723,-0.010357484,-0.057934925
358,0.5514219,0.2544964,-0.1843051,0.17527354,1.0578518,-0.10316476,-0.15793781,-0.6490164,-0.097352475,-0.40598452
359,1.2623899,1.5908456,0.852002,1.8158034,0.35517392,0.96684057,0.9033036,1.13516,0.7331078,1.3902566
360,0.6923362,0.23771413,0.9296305,0.7300925,-0.3041396,0.41341916,0.9820257,1.2138329,-0.56424904,1.289299
361,-1.0809886,-1.5388187,0.5647974,-1.1182368,-0.46171084,-0.8368061,0.55543756,-0.05120936,-0.93208295,0.34890354
362,1.1275265,0.010252457,0.6005901,0.81385314,-0.23580931,0.84547377,0.61293507,0.13592759,-0.26812178,-1.0340133
363,-0.80227023,1.4507326,1.3027229,-0.21102574,0.8719746,0.7351023,1.3373396,0.5539739,0.55650544,0.09594688
364,1.360965,1.1549315,0.33617526,1.0041558,-0.37793607,0.6520867,0.34987178,-0.091741756,1.1994517,1.166197
365,-0.56050205,-0.30561614,-0.087157205,-1.1915882,-0.46134943,-0.9924522,-0.104331814,-0.7648652,-0.30604234,-0.37763134
366,-0.87198573,-1.5110554,-1.2640635,-0.7525375,-0.21991308,0.06630193,-1.1989317,-1.4360273,-0.74794006,-0.87594
367,1.0416822,0.61476374,0.057458103,1.038109,-0.9135823,1.3928547,0.07016872,0.47473806,1.9567242,0.34243986
368,0.4796754,1.1638007,0.6200321,0.92016155,-0.030056715,1.4179373,0.66854227,1.1274905,1.9751421,1.3529434
369,-0.18209442,-1.7107751,-0.2921226,-0.36212006,0.38742113,-0.9359951,-0.28639033,-0.35669944,-0.5297471,0.111614615
370,-2.0176241,-1.2604043,0.24507357,-1.0661999,-0.15819466,-1.8985367,0.24369866,-0.6720217,-0.68112767,-0.7534916
371,-0.89118713,-1.1605662,0.37861663,-0.65022504,0.82536334,-0.7458506,0.36211812,-1.1962805,-0.6521924,-0.6726557
372,1.2438937,0.4021128,-1.238718,1.574228,0.047709644,0.8215451,-1.2540859,-0.035867345,1.1938095,1.6497276
373,0.16693628,0.014248997,0.72630507,0.5623245,-0.03529173,0.9977446,0.73153734,0.5106678,0.0058676973,1.8053122
374,-0.7138593,-1.5531348,-0.7671043,-1.826865,-0.5612535,-1.4700522,-0.77855366,-1.6631595,-1.19946,-1.587059
375,1.6489143,0.7592749,0.99228984,0.9495273,0.12203668,-0.091079295,1.0732452,0.9778773,-1.1045773,0.97000504
376,-0.2402963,0.0027796775,-0.18019412,-0.48034602,-0.9273868,-0.26621893,-0.20889214,-0.4846114,-0.48094413,-0.45258266
377,0.53866756,0.12621765,-0.5335325,0.60172254,-0.73691773,1.0905707,-0.5003126,-0.32770735,1.233188,-1.1316938
378,0.056443267,0.6899423,-1.175615,1.7015595,-0.759885,0.33300954,-1.1059725,-0.15727302,1.5527678,-1.043071
379,-1.6864381,-2.1068573,-1.9141772,-2.4686935,-0.055015564,-1.4638629,-1.965006,-2.2425902,-1.6890754,-1.4321795
380,-0.955418,-0.9223231,-1.2863123,-1.418679,-0.8381395,-0.8037297,-1.2644165,-0.82160544,-1.2624726,-0.46000722
381,-0.025969602,-0.69535,-0.9681854,-0.37629044,-0.8025074,0.007766694,-0.93084764,-1.0571318,-1.498368,0.114905804
382,1.5420866,1.0377619,0.94270796,0.7953571,-1.7348611,0.48042125,0.89860034,0.30678618,-0.18615264,1.9998511
383,0.9987197,0.88288087,0.17243154,-0.49465418,1.0418384,1.0168295,0.213275,0.84903735,0.7277758,-1.242986
384,0.53279984,1.2311834,1.2269143,0.70356864,-0.1140037,0.9634668,1.176238,1.5709324,1.1516743,1.030983
385,1.0362091,0.72816885,-1.1508467,1.0788542,-0.8291048,0.8411601,-1.2301124,0.62875426,0.83472323,-0.66146076
386,-0.11207411,-0.8661259,-0.09719742,-0.10370675,-0.49263793,-0.7093085,-0.06393471,-0.69059753,0.3909912,0.41037568
387,-0.17477965,0.003222391,1.1605909,-0.17416808,2.5055861,-0.21703276,1.2296377,0.32481632,-0.30762714,-0.3683382
388,-0.5711056,-0.763711,-0.782287,-1.1533859,-0.03996806,0.39814007,-0.7505584,-0.5339017,-0.08161998,-0.95679885
389,1.274542,1.4292496,0.7454231,0.75641555,-0.4166938,0.84468406,0.70482004,1.7875997,0.7460229,-1.2333939
390,1.3838303,1.0036935,0.36606175,-0.32995373,-1.1794508,1.925817,0.37815142,1.3595173,1.483841,-0.55439526
391,1.8374205,0.52970463,0.7554774,1.3771645,-0.92334366,1.1915972,0.7902813,0.823235,0.46247712,1.5554147
392,0.5338328,0.498614,-0.0059999228,1.0100458,0.47196877,0.97076726,0.020610929,1.1678472,0.76638657,-1.5812014
393,-1.7132484,-1.2361073,0.42005727,-1.055998,-0.76783586,-0.0239577,0.4320527,-1.1166359,-0.78009754,0.31154972
394,0.39396548,1.1520822,0.69160306,0.45467195,-0.024934597,1.6160653,0.7562859,0.58671147,0.9320958,0.22643584
395,-0.37167042,-0.60206383,-0.08894797,-0.6422023,-0.5294063,0.09402451,-0.12025593,-0.56575465,-0.13548683,0.24429187
396,-0.94231045,-0.85992587,-1.465941,-0.9700764,-1.222928,-1.5514848,-1.4286661,-0.94126683,-1.6818955,-1.1666931
397,-0.22660592,-0.22529897,-3.1594856,-1.0150434,-0.34229082,-1.2202551,-3.1067944,-1.7174284,-0.038251735,-1.0196227
398,-1.1530471,-0.958248,-0.4701318,-0.88710314,0.05817756,-0.45742708,-0.46056265,-0.8876276,-0.18381941,-1.8291876
399,-2.0254536,-1.8072032,-1.9904141,-1.6344347,-0.08955771,-2.1291866,-1.9136994,-1.4783678,-0.85019565,-0.2650742
400,-0.8961899,-1.7312487,0.4122619,-0.38856414,1.3965482,-1.2781135,0.4850454,-0.023917675,-2.6695652,0.19542974
401,0.6213739,1.5110737,1.0996102,0.7792875,0.8796996,-0.04464309,1.1033067,2.1596217,-0.045891833,0.28442967
402,1.8218796,1.3698375,1.036397,1.4435797,0.29110426,1.7836484,1.0516567,0.8410512,0.92044353,2.3209252
403,0.4975421,0.61955345,0.5145693,0.14914455,-0.14017874,-0.5251217,0.5174337,1.0143,-0.39433864,0.19558227
404,-0.0052366927,0.65683573,0.8731581,0.8653812,-1.3585846,0.31632248,0.772722,-0.043608293,-0.8281318,-0.9332906
405,-0.097488314,-0.028223615,0.17301576,1.0056617,-1.2486608,0.25865182,0.13271688,0.19549224,0.09135115,-1.2348499
406,1.0059478,-0.21577354,-0.25248834,0.7449429,-0.5752427,-0.07452444,-0.16002604,-0.10517478,0.16610005,-1.3825614
407,-0.014472038,-0.65679026,0.63873357,-0.34926394,0.4851912,-0.9139447,0.64926314,1.7943227,-0.27572384,0.6091788
408,0.29625463,0.6092935,-1.0982599,-0.32411402,-1.0679928,0.6800182,-1.0352778,-0.34119838,0.31865802,-0.48713446
409,0.3062834,-0.36863387,0.032117654,0.11429114,-0.04436542,-0.093588725,0.021749519,-0.30187985,0.03365358,0.8248402
410,-1.5147462,-0.75901216,-0.35484943,-0.5007327,-0.5746519,-1.3027463,-0.34086007,-1.0852385,-1.043966,-0.16970322
411,2.2924597,1.3425531,0.9846318,1.5740925,-0.70561934,0.56526256,0.9104905,0.8119553,1.1622851,0.275851
412,-1.5601329,-1.2631016,-0.5967805,-1.4173963,-0.614376,-0.75379384,-0.566358,-0.97585005,-1.9310102,-1.4963089
413,-0.26464874,-0.7800516,0.6441015,0.31086433,1.329634,-0.7591609,0.5833827,-1.2008476,-0.29402205,0.5447243
414,2.1850839,2.0929217,1.3191762,2.010742,1.0980198,0.9631715,1.359521,0.93504477,1.1484101,0.5191754
415,-0.7378967,-1.1406612,-0.04078093,-0.5491924,1.8832215,-1.2039375,-0.07343906,-0.83167994,-1.1278776,0.3992253
416,1.2212489,0.6356026,-0.27310538,-0.1855607,1.1689986,0.6491326,-0.26191553,0.43872035,0.3075826,-0.70840275
417,0.5503218,0.66707206,-0.0938229,0.21963307,-0.6137949,0.21296123,-0.06742112,0.44516355,0.23160379,1.3118925
418,0.26476744,0.27416587,-0.058283567,0.4138182,-0.89020216,-0.28747094,-0.045673802,1.0301167,0.18002373,-0.48681667
419,2.2562845,1.122134,1.2873431,-0.13902669,0.65326834,-0.09684319,1.3567265,0.89586,-1.0300715,-0.059096366
420,-1.2089661,-1.2279416,-1.3116069,-0.8708004,0.12468365,-1.0623912,-1.332515,-0.99406695,-0.16188097,-0.019908974
421,-0.8932243,-1.1604954,-0.19840807,-0.73794234,0.8443815,0.33458257,-0.20532462,-0.34712857,-1.1409541,0.4571704
422,-0.47307688,0.045758292,1.1959822,0.5579983,1.0413206,-0.050239265,1.3058825,1.5018779,-1.5706158,1.5143638
423,-0.28074002,0.3070284,-0.002418533,0.37148443,-0.43047953,-1.33218,0.10476967,0.15594032,-0.3098566,1.6145037
424,0.01587189,-0.5349478,-0.115432315,0.07575044,-0.08423191,-0.19661385,-0.13488623,-0.7388871,-0.65653324,-0.4260935
425,0.40536234,1.7417672,1.3927855,0.35351562,0.0070994794,0.451406,1.4259768,0.9227338,1.0335151,1.3111432
426,-0.049361434,0.43152916,0.4461401,0.22982875,-0.9195756,0.22003846,0.45162606,-0.46882886,-0.51872945,-1.6605568
427,0.7984663,-0.82448995,-1.592645,0.41459084,-0.28538084,0.27333805,-1.5321047,-0.64126074,2.1041982,-0.12152018
428,0.47562394,0.35171944,-2.4402394,-0.7849133,-0.4532735,0.08120037,-2.4055748,-0.91442394,1.3361894,-1.3996236
429,1.3991171,1.0049608,1.3215587,1.354213,0.79369617,0.6555166,1.4093492,1.2235177,1.5483361,2.7586374
430,-1.1640966,-1.1346147,-0.22034991,-0.904424,0.027502261,-0.44248343,-0.22038424,-1.2930626,-0.8433938,-0.667914
431,0.038191516,-0.012851037,0.80451846,0.26916796,1.8496847,0.5646739,0.8667983,0.030267954,-0.5100809,-0.28061163
432,0.87271464,0.6084056,-0.13948058,1.190326,0.22881176,-0.026110873,-0.16480228,0.3914808,0.88244677,0.60418165
433,-0.6813414,-0.48440394,-0.24101086,0.2520869,-0.048854552,0.074385494,-0.21744758,-0.21906713,-1.2603351,0.5854193
434,-0.055936612,0.53802294,0.8229623,-0.7368583,0.27294078,0.5796622,0.8120499,0.13194849,-1.5362285,0.41394314
435,1.2055116,1.4835227,-0.10359645,0.9296701,-0.1526686,0.32130605,-0.13358897,0.9597299,1.2597582,-0.9965559
436,-0.9074788,-1.0002744,0.20010948,-0.8197211,0.058769487,-0.022718951,0.13958494,0.19773781,-0.6564182,-0.6007658
437,-1.0779693,-0.941946,-1.859539,-2.0067184,-1.0471983,-0.6738852,-1.7779237,-2.9588728,-1.446783,-0.58179665
438,-0.20562911,-0.68192065,-1.338758,-0.3610276,-0.35152343,-0.26853856,-1.2849845,-0.6501429,0.015761688,-0.07770892
439,-0.036864355,-0.23033425,-0.06311405,-0.08716492,-0.7435018,-0.5802897,-0.018406674,-0.7243449,0.21468166,-0.62797964
440,-1.4877084,-1.4122801,-1.9557319,-1.507516,-0.2793964,-1.1377175,-1.9014438,-1.3983544,-0.7217728,-1.6361496
441,1.2917373,2.454876,1.2041442,1.1477149,1.5083058,0.4518015,1.2966199,1.4337283,0.09181349,0.99837214
442,0.5868219,0.81436694,0.6816926,0.7785233,-0.3274151,0.56246215,0.66822726,1.0213245,0.4178571,1.6655455
443,-0.21592322,-0.6418145,-0.30432397,-0.051949777,0.3669914,0.18788034,-0.36570454,0.5762081,-0.008411728,-0.62965035
444,0.53932893,1.8503907,1.0191934,0.26742572,-0.32415843,-0.4167989,1.0181024,0.18551204,0.26066917,-2.0856833
445,0.35009834,0.042908326,0.793077,-0.11063995,0.15593396,-0.9311754,0.8024435,0.5520755,-1.448498,0.6987895
446,0.92948496,-0.088023804,1.5834023,-1.6386969,0.62285453,0.75016123,1.6401803,0.9021741,0.4159353,-0.1170747
447,1.2077036,0.37516347,0.8025584,1.3422022,1.3825341,-0.24920498,0.852476,1.7462873,0.187177,0.93031067
448,0.77298695,0.2883609,1.027076,0.97520036,0.23609419,-1.1136289,1.1098335,1.6094621,-0.20670387,1.0110183
449,0.19010636,1.0925119,0.20108771,0.5937751,-1.0806524,0.00029110909,0.2051191,1.0325172,-0.18745488,1.3970351
450,-1.2104093,-1.2930851,-0.144911,-1.639603,-0.59093094,-0.82765293,-0.23030311,-0.9176172,-1.1100397,-0.88556826
451,0.40711027,0.66344684,-1.9176946,-0.08088072,-0.8996197,0.03667127,-1.8483744,-0.3903506,-0.27526206,-0.6631212
452,1.6449332,1.4375585,1.0108516,1.1947155,-1.1021476,1.1798667,1.0113356,1.2331096,1.1478043,1.019012
453,1.3492491,0.33907753,0.18876883,0.4687517,0.85097265,1.6452117,0.24118781,1.5331215,0.0067395717,-0.3503943
454,-1.9202904,-1.0336968,-1.255571,-2.1298976,-0.07902491,-1.84851,-1.2360258,-1.7943027,-0.8750794,-1.5282347
455,1.6262085,1.244127,1.2372627,0.995602,-0.82224584,0.079485774,1.2971009,0.40707004,0.11031331,1.754035
456,-0.27789623,-0.18876144,0.17745814,-0.12860641,1.0114446,-0.5829191,0.14588642,-0.7805166,-1.4027729,0.4599272
457,-0.3660406,0.33044207,0.6845037,-0.12088465,0.58585143,0.3887857,0.67547715,0.928561,0.04563037,0.4221393
458,-0.53665245,0.096553534,-0.2326321,0.37889344,-0.17814562,-0.33568138,-0.25200164,0.070289224,0.8228427,-0.007956944
459,-0.021987043,0.65808713,0.87997365,0.5132653,0.37097037,0.15501434,0.8200078,0.414387,-0.072458655,1.4322007
460,0.8731031,0.27422008,0.68506837,0.57105243,-1.4246006,0.26673627,0.6768216,0.7860409,0.583458,1.2744949
461,-0.98076683,-0.7981822,-1.2722666,0.06691826,0.43335542,-0.6710009,-1.2948782,-0.4759184,0.27849698,-0.870384
462,-1.1005177,-1.7335786,0.06861508,-0.8028672,0.12372166,-1.0611316,0.14692575,-0.19399941,-0.113841206,0.66641957
463,0.49672103,-0.5955359,-0.8744072,-0.63252467,-0.7844187,-0.74091464,-0.87913525,-0.85556,-0.6231607,-2.3148618
464,0.8740272,0.7909489,0.42799348,0.6031202,-0.25278124,-0.27562758,0.40605757,1.1845877,0.6201557,1.3709207
465,0.6984677,0.6103602,0.630901,0.53589785,1.6076757,-0.0028019473,0.59604025,1.1533449,0.067178525,1.4400811
466,0.04521489,-0.6078066,0.9212712,-0.31457707,1.5455755,0.019402951,1.0532398,1.6956332,-0.3336567,-0.38018593
467,-1.7135551,-1.9192791,-1.079126,-1.2195454,-0.6751185,-1.4627018,-1.0362701,-1.2275527,-2.3408616,-0.17509754
468,0.279197,0.20732416,-0.3689692,1.0296547,-0.058978043,0.21303421,-0.3484099,-0.23551114,-0.36370352,-1.0236274
469,-0.7889851,-0.9830793,-1.6699123,-0.34124514,-1.2600725,-0.36357296,-1.6232599,-0.7689477,-0.608765,-2.1580467
470,0.9481863,0.66608644,-0.23107144,0.36877787,-1.1733425,-0.48054212,-0.269254,0.09037068,0.5318867,-0.17480199
471,0.9881964,0.670804,0.3001544,0.79824436,-0.76458704,-0.19234061,0.27160826,-0.15377086,-0.4023764,1.7697725
472,0.35611263,0.28898698,-1.7236006,0.55483633,-0.28387678,-0.24499628,-1.683569,-1.0607576,-0.40264267,-0.89156044
473,-0.1565676,0.2153928,0.7737993,0.1443419,0.14366965,-0.8777085,0.8809288,0.5866959,-0.9716395,-1.0467045
474,-0.56846565,0.43977183,0.09154472,0.31342667,-1.7141063,0.6820772,0.049161628,-0.6908277,-0.74446595,-0.9343665
475,-0.7356225,-0.05864642,-1.7632315,-1.0152042,-0.2845872,-0.8575245,-1.7842281,-1.4144187,0.9800672,-1.029395
476,-1.386273,-1.0219187,0.3392228,-1.6039755,1.1987697,-0.44383746,0.37085593,-1.4652488,-1.1232836,-0.83075505
477,0.38719538,-0.6780773,0.27748603,0.087090775,-0.66073936,-0.73424244,0.24892786,0.16624817,0.1170954,1.4833839
478,-1.5008988,-0.13083452,-0.6077014,-0.6059815,-1.3940318,0.15543923,-0.59725785,-0.65214854,0.25295407,-1.2600682
479,-1.3270211,-1.7226584,-1.4580811,-2.108575,-0.9108411,-1.5588503,-1.4527025,-2.4601307,-1.3469751,-0.04568045
480,0.9080119,1.0456901,1.2452185,0.8906906,1.2676802,1.3313153,1.195559,0.728636,1.0975724,0.6054254
481,-0.98609114,-1.457609,0.37111008,-0.21596518,0.92311573,-2.3087463,0.39889723,0.5259045,-1.2680745,0.22407247
482,1.0346673,0.9892932,0.16918872,0.047506154,-0.61700106,0.7295568,0.18508305,0.019435965,2.2237182,-0.041356683
483,0.7342311,0.1558528,0.24316421,0.5465578,-0.57622886,0.34542513,0.25403702,0.8382035,-0.18451917,-0.052822344
484,-0.6573224,-0.75048006,-1.0859857,-1.1016294,-1.0374532,-0.46270832,-1.0020092,-0.41469058,-1.230326,-1.6307894
485,1.0972204,1.5337552,1.1385611,1.5292163,-1.0835731,1.4051261,1.2054865,0.51290333,0.90096486,0.7020368
486,0.41701117,0.024606064,0.85400546,-0.17517823,-0.1695512,0.3309881,0.9099738,1.2980444,0.03491929,-0.30632156
487,-0.98601806,-1.5234991,-0.9470298,-1.1204137,0.36705583,-1.1791345,-0.81975925,-1.982435,-1.5994924,-1.2069829
488,-0.9680331,-1.0714849,-0.24669504,-0.17298834,-0.95364046,0.31065348,-0.1846908,-0.3946941,-0.8434288,-1.3878438
489,0.27806124,-0.27902764,0.2319707,0.7653623,0.934021,0.43062693,0.16138649,-1.7543439,0.031813264,0.019386776
490,1.4261508,1.1206756,-0.010351308,1.2499497,-1.9721535,0.45405358,-0.031504586,0.9767111,0.08031173,1.4941478
491,0.19048992,0.07043417,-0.079230994,-0.60363996,1.6607239,0.445289,-0.09563038,-0.58201694,-0.094413765,0.57129127
492,0.19504258,-0.39757857,0.9878123,-0.6827527,-0.51968014,-1.0177294,0.98636705,0.22337535,-0.45495507,-0.43117073
493,0.82610035,0.44422036,-0.39393842,0.6658298,-0.5523778,1.2070584,-0.37893164,0.540769,0.73061454,0.32393515
494,0.30598646,-0.45731932,0.5987079,-0.84742844,2.1558619,0.4175502,0.6118202,0.28895864,-0.7197894,1.1749334
495,0.27858678,-0.8974651,1.2069644,-0.16533273,1.4781182,-0.9229537,1.2600182,-0.3801605,-1.3871824,-0.3875396
496,-1.9884441,-1.281765,-1.0607789,-2.426371,-0.5909525,-2.6245794,-1.0569277,-1.9546627,-1.0148388,-1.3807019
497,1.9452119,2.0345588,0.28802124,1.328605,1.0442888,0.702769,0.2913926,1.0971677,0.5528035,0.42484814
498,0.07920635,0.6611783,1.528745,-1.115288,-0.60701025,0.166222,1.6460345,0.5286749,-0.016210377,1.1147926
499,-1.088974,-1.9320091,-2.0246973,-1.7917986,-0.10169077,-1.985211,-1.9241118,-1.9047104,-2.1930869,-0.17199728
