BlendProperty1,BlendProperty2,BlendProperty3,BlendProperty4,BlendProperty5,BlendProperty6,BlendProperty7,BlendProperty8,BlendProperty9,BlendProperty10
-0.075496845,0.2265772,0.6452359,0.54858613,0.36288384,0.60500973,0.5993746,0.46378064,-0.28571436,0.29815984
-0.6729631,-0.47864673,-1.0503527,0.116771206,-0.72300863,-0.028146343,-1.058673,-1.0807487,-0.47467738,0.101499766
1.4559726,0.9066939,0.9762638,0.9299332,1.8976517,1.6960075,0.911282,1.5521202,0.37754032,2.1503382
-0.36699098,0.36600262,0.65503013,-0.4535777,1.8474234,-0.35083497,0.6456462,1.4916133,0.55712354,-0.8442596
0.19184828,-0.98447186,1.0462587,0.34732974,1.6142957,0.21734422,1.0365242,-0.11459272,-0.566154,0.97149956
-1.443289,-1.6252518,0.43499333,-1.4763404,0.010260372,-1.5909513,0.3979461,-0.062797196,-0.9794891,0.0031010937
1.3275453,0.6622567,-0.052600518,-0.05618068,-0.11496044,0.6567102,-0.071789,0.25750417,1.237249,0.31773368
1.9281888,1.0665103,0.75299394,1.2873906,-1.4587576,1.463257,0.80002356,0.7085007,1.4940772,0.56603587
1.1894971,1.0328953,1.0781367,1.6223736,-0.57721174,0.8373964,1.1696795,0.30273578,1.0954769,0.9347377
-0.88605607,-0.7260399,-1.93979,-0.66346097,-1.1904085,-0.5931922,-1.8350091,0.12671426,-0.5415077,-1.379113
-0.038361512,0.29343814,0.7758582,0.29414368,1.7315693,-0.33246475,0.78831226,-0.15214966,-0.97536856,0.7455126
1.1225833,0.5924417,0.74214524,-0.42065033,1.1230145,0.33681482,0.7176256,0.8843612,-0.36435574,0.91285205
0.53954095,-0.32901424,0.77147126,0.10249211,-1.3635972,1.946036,0.7821483,0.79426265,1.1708664,1.6615058
-0.13425142,0.43723562,0.6820652,-0.88797724,1.9025134,-0.448408,0.61657137,0.029042307,-0.9638802,-0.2895439
0.40218312,2.0803914,0.6046357,1.5128621,-0.23003505,0.19062841,0.53342974,0.77251756,0.5613802,-0.56827337
0.031077012,-0.5504768,0.6923708,-0.6173521,0.53207487,-0.90931016,0.7904734,-0.0103110885,-1.2741065,0.16450086
-1.3031496,-1.248316,-0.11666922,-1.4578114,-0.7899339,-0.027805509,-0.10220869,-0.8103045,-0.18215938,-1.3137891
-0.2448542,-0.25986338,0.43396127,-0.55799854,-0.029853877,-0.10934186,0.40026858,1.190274,-0.2642727,-1.0413597
0.09734759,-0.47056502,0.7988138,-0.8087006,1.6781424,-1.1677098,0.7819165,1.5459402,-1.4370258,1.5338893
-0.5147431,-1.1786412,0.44134948,-1.0546448,-0.7652714,-0.64056635,0.47683275,0.21711063,-1.1007426,-1.5074824
0.11501168,-2.0271883,0.31492716,-0.93174887,1.7724707,-1.9200099,0.30223757,1.0382843,-0.8361192,0.60346633
0.27003688,1.0297372,0.2631424,1.471361,1.2502029,1.811322,0.2537032,0.7574477,0.48050135,1.5200645
1.0246894,1.4681053,1.2629585,0.74064595,1.5357556,0.10944651,1.2786531,0.6417469,0.1899998,1.3321896
0.14910932,0.7224817,0.5173365,0.5797251,-0.9821048,0.39800543,0.36491513,-0.42404205,0.10501404,0.117817655
-1.5345702,-0.9695772,-0.1426704,-0.5346757,-0.5607883,-0.25738183,-0.09302709,-1.076318,-0.246571,0.0017064447
-0.4401362,-0.28741926,0.24451743,-0.8450121,-0.30038857,0.1979683,0.26280874,-0.9916252,0.08596339,-1.5785694
0.61578906,0.27620617,-0.37356085,1.4523777,-1.3165848,0.3052262,-0.34652042,0.45096183,0.6375028,-1.0213592
0.2831969,-0.48327342,-0.3254516,-0.7057868,-1.1466157,-0.35518783,-0.29456842,-1.1544276,0.6893528,0.69880253
-0.84091824,-1.4174898,-0.21763295,-0.51995283,-0.4758188,-0.72171336,-0.21418504,-1.0452741,-0.62057614,0.17310521
-0.052093163,0.11871526,-0.76302713,-0.6975186,-1.6366596,0.23270632,-0.7482505,-0.8032886,0.06514435,-1.6070864
-1.1432056,-0.35121834,0.16735463,-0.5137064,1.0616463,-0.8750794,0.1570239,-0.08948505,-1.3884952,0.28135982
-1.199224,-0.3291905,-0.06737437,-1.0447046,0.36047417,-1.5283948,-0.12114403,-0.23914328,-0.7154367,0.23770443
0.58995926,0.34538686,-0.5325756,0.5608542,0.1420708,-0.4010729,-0.57430196,-0.05982136,0.33521688,-0.32177472
0.7842581,1.0689564,0.22946747,0.010242932,-0.98274815,0.13445416,0.18014929,1.3481486,-0.124876305,-0.65011775
-0.77128553,-1.2161276,-0.1517037,-0.96373045,0.1365132,-0.31260538,-0.1720058,-1.3314013,-2.2870765,0.21078911
1.8530984,0.2265451,0.5189417,0.64370286,0.7989541,0.5172089,0.5680156,1.3921633,-0.3692974,0.5610343
-0.005637192,-0.2368147,-0.5953506,-0.08902278,-1.2890989,0.22890809,-0.6646708,-0.18155299,1.6773316,-0.32437572
0.2549477,0.7697262,0.4557663,1.498132,0.31987906,0.704075,0.3894295,0.15135428,1.0633624,-1.0778685
-1.9469515,-1.3972673,-0.13244987,-1.3585048,0.23928398,-0.07319476,-0.06277566,-1.5139196,-0.77622384,0.09093463
0.144229,0.7395352,0.69094366,-0.8586842,-0.2391434,0.22764578,0.6301094,-0.038884528,0.6615102,-0.36483935
1.7409471,1.1828926,1.3891127,1.3921897,1.8096706,2.1947432,1.3528544,1.3517525,1.2316642,1.8875749
1.993807,0.39821804,1.1468352,0.6070484,-1.1831797,0.65644085,1.0831218,1.0025291,1.362984,2.0617106
-1.6493466,-0.12220046,-1.0502615,-1.1335318,-0.51797295,-0.41102073,-1.0163486,-1.7024374,-1.1119475,-1.3303804
1.1491654,0.35374063,0.28217798,0.48647398,-0.33813035,0.4107992,0.27574944,1.6962144,0.21585445,0.1217698
-0.59637815,-0.67142236,0.11356661,-1.5222462,1.7570449,-1.4139748,0.11918517,-0.05008112,-1.2032547,0.45441908
0.6546993,0.8691477,0.55314636,0.34167394,0.7281348,0.77864325,0.5707973,0.27515858,0.9005858,-0.892791
-1.442615,-1.855605,-1.0287597,-1.1952851,-0.06013953,-2.1118379,-0.94879675,-1.1435653,-1.8408711,-0.33989236
-0.23388213,0.34460008,-0.48368907,0.06621555,-0.45728076,-0.641412,-0.46101737,0.03716128,0.7835052,-0.73103464
-0.470185,-1.0790443,0.3859744,-0.08424446,-0.8801568,-0.6572641,0.4166878,-0.4289821,-1.2478697,0.04268762
-1.589931,-1.4319047,-2.175568,-0.48082876,-0.59351885,-1.3493757,-2.1507788,-2.041112,-1.6257159,-1.7299345
1.854897,1.0015848,1.6373748,0.46601012,1.7505541,-0.6649022,1.7899904,-0.23595569,-0.57031405,1.8331174
-0.025034238,1.1596645,1.4852781,-0.15686935,1.0204837,1.2532754,1.6404109,0.36339864,1.0121064,-0.80699706
0.024842845,0.25167066,-0.4589978,-0.89134765,0.030072026,-0.6786911,-0.43037167,0.70954657,0.3888576,0.33826196
1.3496186,0.63270986,0.31396523,0.51745117,0.5682326,-0.35040724,0.2529741,0.6585669,-0.56408644,1.8262608
0.7543907,0.62863046,0.64110756,0.32778782,-0.09117143,1.2019982,0.6135937,0.42498603,0.8385929,-0.38420725
0.79359925,0.20603372,0.6054191,0.1365006,-0.09520015,0.63645595,0.61154217,1.2779005,-0.12740391,-1.1185838
-0.026497684,0.3740332,0.49226946,0.23129821,-0.21570866,1.1427802,0.47454983,0.2786855,0.4379136,0.7648847
-1.7374704,-0.8903862,0.5982224,-0.15272874,1.2363747,-0.8457235,0.5324935,-0.3559144,-2.19234,0.119677484
-0.23101343,0.4590853,0.52040553,1.119216,-1.4137986,-0.5593686,0.4912113,-0.039090887,0.44094872,-1.9493747
-0.93238413,-1.6577404,0.113486454,-1.5046153,1.7195187,-0.99171025,0.08248432,-0.7828392,-1.0305766,0.6831007
-0.37305722,-0.11946376,-1.8638585,-1.0369785,0.034982532,-0.7704988,-1.8658766,-0.6861936,-0.18418553,-1.2709386
-0.006615326,-1.0024316,0.13985418,-0.4425762,-0.9562571,1.0725571,0.09532121,-0.838477,0.9704204,-0.7905597
1.2713782,0.39441767,0.5097583,1.719866,-0.2388247,1.1358819,0.5501903,0.8734343,1.2000227,1.0373341
-0.38782844,-0.4736535,0.6474918,-0.79024553,1.0273097,-1.3925805,0.6181334,-0.28748018,-1.0186946,-0.18972076
-0.3629799,-0.83855236,1.0149528,-1.3603768,0.19832341,1.2198328,1.0354345,0.68583584,0.66589975,-0.84641516
0.56918716,-0.13202074,-0.3039058,-0.6963887,0.7039232,0.047879048,-0.31726027,-0.60286474,0.5354492,-0.1895794
1.0908889,1.5762839,1.0164537,0.49498907,-0.15042901,1.2320378,0.9010987,1.4525021,0.99405026,0.6078199
-0.8995764,-0.80564284,-0.9096024,0.8520465,-1.0445691,-0.74187857,-0.91978097,0.10816732,-0.76658344,-0.46338683
1.3098528,1.5185682,0.7209544,1.0247377,-0.49309093,-0.17521946,0.73700607,1.2165474,-0.18588622,1.64992
-0.14257592,-0.18892369,0.26954097,-0.22221977,-0.2948162,-0.92302984,0.32954037,-0.41121173,0.13520037,0.6411641
-0.28712493,-0.19184291,-0.08441916,-0.5286787,-0.80326587,-0.5594107,-0.05312185,-0.20169634,-0.51532435,0.69896066
0.8263222,-0.10463716,0.29582977,0.77775025,0.2886345,1.1770043,0.19647735,0.31472525,0.58589774,-0.9337858
0.25835148,0.61124414,1.5823762,-0.6330291,1.7391077,1.321169,1.7282652,0.27514765,0.16724288,1.3967104
1.5116823,0.8889012,0.93601716,0.9526334,1.6562202,-0.19868514,0.8884475,0.88568205,0.17497742,2.1150784
1.2889256,0.7618185,0.0113075115,0.89911747,-0.5622227,0.2686175,0.0095713325,0.5197573,0.648772,0.36416087
-0.84353024,-0.39494908,-0.16306956,-0.4485364,-0.26642424,0.32629943,-0.13317282,-0.48344222,-0.28695682,-0.99977064
-0.58320594,0.2130883,0.7878772,-0.71631503,-1.1196909,-0.2860745,0.76629907,-0.4183581,-0.28745666,-0.69084847
0.86432624,0.95308566,0.76131517,0.4466411,1.0195427,2.209547,0.7656599,1.5582211,0.89896405,-0.50769234
0.8954677,0.7604964,0.3036776,0.5790025,-0.6555939,0.344988,0.1685476,0.83014965,0.80221355,-0.24647218
0.5818938,0.5049064,-1.324691,0.49975193,-0.7160858,0.5196261,-1.3200731,-0.054865994,1.7810202,0.6566361
-0.18683894,0.7478906,0.94415534,0.1856265,-0.46183473,-0.71704406,0.9005176,1.1327513,-0.1513621,1.1965418
1.6604905,1.2728825,0.88957715,-0.30668727,0.30063587,1.2657747,0.81383675,0.2538507,0.65119445,-0.5915444
-0.5634589,-0.2683279,0.5572778,-0.46546066,-0.74529517,-0.173338,0.5332049,0.14333737,-0.35328376,0.18849067
1.1424906,0.57361865,1.294635,0.7067391,-0.48396075,1.6335772,1.3997128,1.4073136,-0.2978906,0.5001488
-0.5116073,-0.35419834,-1.3623857,-1.1412258,0.06439698,-1.86939,-1.4402146,-1.2001625,-1.0583518,-0.23846349
0.30492836,-0.6489254,0.78745514,-0.39794007,1.1162285,0.15864894,0.7937308,0.38457587,-2.1904469,0.6124644
-0.8724741,-0.88857114,0.8532136,-1.0037551,0.014621774,0.7521384,0.8592154,-0.6273514,-0.47325155,-1.421514
-1.1553588,0.011392434,0.43220514,-0.5372866,-0.9959252,-0.7084813,0.32127875,-0.10164753,-0.85519254,-0.7453741
-0.049504947,-0.4868476,0.31319594,-0.44033983,-0.48171163,-0.8546051,0.2989573,-1.0313219,-0.79447913,-0.5149445
0.2969728,-0.9848655,0.83408546,-0.88446665,1.849668,-0.90286183,0.8226687,0.07346286,-1.1297293,0.88393676
-0.361613,-0.74606353,-0.0653123,-0.65231645,-0.8550949,0.11190975,-0.08608387,-0.18457681,0.9454521,-1.6067663
-1.4515395,-0.3845821,0.4917062,-0.7549782,-0.47646677,-0.7379815,0.35666838,-0.90252084,-1.2431332,-0.5305297
0.39018267,-1.1390328,1.3537393,0.627031,0.69041556,0.092882015,1.4650973,0.67009383,-0.07901474,0.91373366
1.7103975,0.78651166,0.6545645,0.73433846,-1.0339351,0.6074779,0.63830006,0.67441773,1.1060418,2.1564946
1.1834848,0.6477906,-0.15277971,0.63571215,-0.24427933,1.2297845,-0.21697415,0.8008213,1.7935607,-0.52730966
-1.4546096,-1.0921359,0.041578535,-1.5266109,0.6771524,-1.8979709,-0.003718393,-0.098840706,-1.632101,-0.024354242
0.453905,-0.07417263,0.05657279,0.15773559,-0.18594475,-0.14506286,0.09237862,-0.13930932,0.20699966,-0.61759555
-0.79504156,-0.25495613,0.2146645,-0.87051725,-0.9845159,-1.4171002,0.1733228,-0.2852096,-0.25312454,0.1064693
-0.47533056,0.16489872,-1.571968,-0.14629842,-0.041743845,-1.2150993,-1.4838936,-0.55024767,0.1381516,-0.94935614
-0.438828,-0.34843922,-0.23436302,0.3733391,0.6203319,-0.24065629,-0.21565354,-0.07145047,-0.5086167,-0.5502835
-1.3266007,-1.396886,-1.8654054,-0.8945601,0.50787675,-0.7843721,-1.8421423,-1.9603022,-1.1548439,-0.5237086
-0.69676733,-0.98205316,-0.34406346,-0.693251,-0.850258,-0.12715152,-0.33418912,-0.51605844,-0.04672993,0.17263225
-1.8650084,-1.315706,-0.9535233,-1.0298923,-0.9000118,-1.117142,-0.9625015,-1.3305185,-1.0040343,-1.3741527
-0.9619142,-1.166765,0.90897644,-0.15622458,0.83936465,-0.30257535,0.8273294,-0.85497165,-0.09142386,0.19230309
0.4594375,0.30093527,0.98898876,0.6471278,0.14811909,0.047483914,0.88641816,0.749203,-0.94076204,0.51258075
0.8907764,0.873004,-1.9373103,0.48819786,-1.4402325,0.43822446,-1.9299691,-0.78299516,1.9334944,-0.85495687
-0.49798438,-0.90747654,0.14225113,0.2644865,0.35345888,-0.2970333,0.10253915,-0.061236314,-0.16206986,-1.1897768
-0.9355552,0.15289369,-0.085076936,-0.9255271,-0.80399364,0.28583288,-0.043530025,-0.54618275,-1.1072671,-0.06411
0.14120805,0.30095166,0.6609738,-0.06528182,0.50383335,-0.6479444,0.6544193,0.18268971,-1.4057462,0.8049452
0.8976194,0.39078006,-0.8472908,0.842651,-0.44767085,0.495664,-0.8236851,-0.51229554,1.1804729,-0.5495959
0.08895227,-0.369041,1.5201385,0.30601358,1.2244833,-0.5071792,1.5729474,0.7027844,-0.027423492,1.1588292
0.86609006,0.49954566,0.28712693,-0.20503713,-0.26699314,0.17067826,0.2644412,0.95215225,0.6966141,1.29272
0.1846172,-0.3347292,-0.3416486,0.44026533,0.18052338,-0.40054354,-0.38152885,-0.24319774,-0.07607502,-0.55233634
-0.29321116,-0.8890052,-0.7961377,-0.50786453,-0.81479025,-0.23719046,-0.8186071,-1.3858157,-0.13047607,-0.004298169
0.9658654,0.38666105,-1.0863483,0.75796956,-0.35276031,1.1469412,-1.0364332,-0.4000457,0.70507056,-0.44938576
-0.39838505,-0.3135513,-0.6553651,-0.38751158,0.3419713,-1.2106256,-0.70157206,-0.3982402,0.20162532,-1.3093857
-0.0549134,-0.33841866,-1.6275966,-0.8035406,-0.7876633,0.020308431,-1.5918651,-0.56979394,-0.14094009,-0.6766865
-0.18934856,-0.15824571,0.5576551,-0.65488446,1.8559074,0.9444885,0.5819105,-0.21680516,0.691674,-0.4021072
-0.4884349,-0.8434564,-2.0873358,0.014599808,-1.6676606,0.43419343,-2.0652761,-0.6342777,0.95503414,-1.4610027
1.0043154,0.28151926,0.45277753,0.9931588,0.2463783,0.5891005,0.38601804,0.4484231,0.11408878,0.85522985
0.05191607,0.035920348,0.042106815,0.23191506,-1.075625,1.5362006,-0.024775011,0.5862895,0.88496435,0.07996652
-0.53217316,-0.8581735,0.33892953,-0.9359439,-0.13682353,-1.2554563,0.3351872,-0.68660927,-0.36074355,0.8470912
-0.0030346164,-0.36436206,0.04490912,0.68171924,-0.24012785,0.8589183,0.053210266,0.07080583,0.47232288,-1.51655
-0.38244927,-0.9724231,-1.207115,-1.2015951,0.12611458,-1.2828987,-1.2119427,-0.9754111,-0.73908836,-1.0714309
-1.9768388,-1.7820315,-2.1115925,-1.9135648,-0.18047796,-2.0179014,-2.1309342,-1.598813,-0.8274616,-0.5293768
1.3226564,1.4154313,-0.0021683648,-0.15039267,0.40698522,0.9041467,0.093361884,0.37470666,0.623422,0.42385828
-1.4602025,-1.2647536,0.77143455,-0.3147961,1.9661937,-1.4614233,0.73840046,0.12261221,-1.3798882,0.07731843
0.5500115,0.5835828,-1.0558188,0.86347616,-1.2813333,-0.95424324,-0.98900056,-0.39541024,1.0973246,-0.92298007
-0.16556263,-0.74930763,-0.008993561,-0.65884626,1.8845131,0.48745316,-0.07596399,-0.3350935,-0.97607917,0.19258094
1.3160813,1.4370275,1.4309065,2.5067308,1.3384426,1.6189172,1.4402368,0.87767273,0.5521344,0.46196383
2.20364,1.3731344,0.9114969,1.6384869,1.7011459,1.8461976,0.881444,1.99701,0.8918146,0.41075534
1.3924366,1.2964774,0.47846937,2.2195725,-0.8511601,1.0194615,0.4764376,1.8796035,1.8974184,0.13609582
0.27136105,1.0461066,-1.0107844,1.6111863,-0.5722198,0.45430845,-1.0527961,-0.68792963,0.51811373,-1.349061
-1.0191114,-1.8791487,0.078033194,-0.71572995,1.7208393,-0.73076594,0.11560464,-0.5482322,-0.09170147,0.23405504
-0.60369223,-0.20102385,-1.502495,0.3223703,-1.2583709,0.9624002,-1.507303,0.3655999,0.43430933,-0.31320214
0.44838998,-0.2537881,-0.330023,-0.10451333,0.8183218,0.38232028,-0.28829244,0.13134693,0.5981529,0.48620498
-0.24710625,-0.65474427,0.35591918,-1.0488167,0.6254684,-0.35768586,0.2924646,-0.2590459,-1.6997514,0.7274022
1.3798077,0.113215,0.48302114,1.6739035,0.1803221,0.4707836,0.44493556,-0.27044398,0.71698,1.5720403
0.012823468,-0.7915323,0.43116105,0.3096679,1.8335266,-1.2780302,0.3719953,-0.22832611,-1.298758,-0.5158737
-1.0193765,-0.26441646,0.793761,-0.9089668,-0.105600715,0.73029244,0.8405938,0.90526175,0.28799376,-0.15693471
0.39239722,0.46360958,-0.92772686,0.16175698,-0.33661348,-0.78574,-0.89938164,-0.31098524,-0.30536065,-1.2386174
-1.4017583,-0.48058134,-1.9131696,-0.8465748,-0.9161113,-0.43133834,-1.8996072,-0.40907115,0.24141856,-0.5961533
1.0485952,1.0020669,0.6086939,0.86194265,-0.9258341,0.31834522,0.56799877,0.7677547,0.76883805,1.1134223
0.1636225,-0.020312218,-0.2376729,0.2701912,0.4252945,0.506842,-0.20412362,1.0144036,-0.46834677,-0.40100503
0.6142044,1.0477276,0.57085353,0.55008745,0.025253162,1.1706765,0.49409264,0.4109187,1.634311,2.0633934
-0.0631302,0.90090185,-0.00034373486,0.21016526,-0.5900305,1.8117336,0.03135901,0.22110854,0.59256166,-0.36075643
0.48863107,0.9206728,0.10154508,-0.226921,-0.3599518,0.11930492,0.13579476,-0.765027,0.028000098,0.005782254
1.162851,1.2209709,-0.14441183,1.2481526,-0.100674525,1.2345972,-0.09652105,1.200041,0.7609986,0.53237116
-1.468348,-1.2601049,-1.5598587,-1.3332391,0.04236861,-2.1034362,-1.5567138,-1.6075242,-0.2813178,-0.21740724
1.284644,1.286119,-0.3110762,-0.24284321,-0.49875656,0.88505423,-0.3269054,-0.13359398,1.0427718,-0.64283854
-1.3073552,-0.4461276,0.18703796,-1.3698013,0.59748733,-1.4851521,0.21269163,-1.1932405,-0.66959167,0.27420893
-0.9663863,0.13593258,0.06600628,-0.7237301,-0.22480804,0.05066899,-0.0638943,-0.53575516,-0.99766314,-0.8739488
-0.067039765,0.4272564,-0.9525658,-0.6799385,-0.47461706,-0.088870786,-0.85027343,-0.82911366,-0.87490654,0.8266578
1.6627183,0.3504707,0.6729855,0.46732122,-0.32653224,1.3021401,0.61373854,1.3134723,2.2486095,0.11010322
1.112645,0.32140493,0.75512075,0.39782032,-0.83322346,0.33987802,0.7069565,1.3908837,0.43364447,0.6452149
1.1341661,0.57613075,-0.6291075,0.7284756,-1.3076829,0.10423161,-0.6194477,0.4877049,1.5702552,0.72257096
0.15361552,-0.212931,-0.24313849,-0.016552538,0.47230998,-0.70665616,-0.22756642,0.35313898,-0.043672316,1.21146
-0.7815319,-0.6345103,-0.15668464,-0.21439871,-0.0008847965,-0.7411168,-0.1411165,-0.18160191,0.3630888,-0.16974318
-0.018612336,-0.3633574,-0.23294723,-0.09166588,0.6816624,0.38982403,-0.21628672,0.60235673,-0.07754568,-0.23697835
1.1579425,0.016984276,0.6719569,-0.45819622,-1.3131094,0.4196412,0.616309,-0.3412571,-0.8780998,-0.43458366
0.5973192,0.06049585,-1.5551944,0.21061444,-0.39390433,0.07973192,-1.5870638,-0.69901615,1.1417941,-1.2728999
0.87386674,1.7167416,0.44043702,0.6894717,-0.47185233,1.1985401,0.34517226,1.1830382,1.5065577,1.8690231
-0.5813186,-1.031098,0.34421533,0.18931958,1.589678,-1.3391056,0.3139153,0.72531855,-2.0734055,0.54252625
0.5046567,-0.17647903,-1.2622628,1.0761894,-0.23564447,-0.49405804,-1.382035,0.41098893,0.25712413,-1.2379994
-0.47177276,-0.9088862,-0.99215215,-0.21583925,-0.39556724,0.13899063,-1.0026382,-0.8654591,-0.5773635,-1.0839106
-0.84208643,-0.78479105,-0.0061551817,-0.88592225,0.11838578,-0.24789412,-0.09068258,0.01727226,-0.08639749,-1.2237177
-0.35159194,-0.5480834,1.5762713,-0.17393957,1.7383375,-0.66292405,1.8812467,0.08487384,-1.5882546,0.08876518
0.17703179,-0.21690749,0.42778632,-0.92890453,-0.11095554,0.55628425,0.43028522,-0.5662335,-0.304673,0.051327772
0.25692165,0.26251352,-2.499765,0.21199337,-0.726766,-0.1281977,-2.4616055,-0.5419196,0.31447846,-1.5599918
-0.08176337,1.434373,0.64291674,1.0597723,-0.4731726,-0.15456136,0.58888316,0.6334679,-0.11791759,-0.4824935
-0.31000745,-0.35716033,-0.08810048,0.12994637,-0.68878835,1.3516785,-0.14844844,-0.15206437,0.28359547,-0.87232304
0.19613855,-0.0086232275,-0.16238827,0.9948692,-0.15368326,0.5157207,-0.15289938,-0.693482,-0.4581027,-1.3136082
-1.059576,-0.58064735,0.3005708,-0.6155125,1.3954214,-0.967157,0.23374654,0.40066335,-0.80357546,-0.32541507
-0.6048132,0.49425688,1.3444309,0.8125979,1.7415438,0.075721614,1.3180442,-0.9571663,-1.1579303,0.80089784
-0.59308374,-0.8587574,0.91952336,0.27394754,-0.6471225,0.16709551,0.84238327,-0.098311976,0.254044,0.5934435
0.96038115,1.4215653,1.415102,0.8383484,1.8662353,1.1975971,1.4196976,1.2684134,1.1615205,2.0152767
0.20396268,0.33154798,-0.06889224,0.28578198,-0.3809716,-1.4514611,-0.062322028,0.22669151,-0.65709865,1.0535772
1.191319,-0.11110619,0.39498845,1.1962031,-0.54479265,1.2283894,0.3600273,1.2888162,1.51436,0.91358256
-0.7569806,-0.8289128,1.0669236,-1.0440855,0.6373116,-1.2964418,0.97993976,-0.550552,-0.59243876,-0.26722664
-0.046291616,0.41408187,0.1920369,0.5486905,-0.17553762,-0.6342734,0.13757303,0.088198796,-0.6746709,1.6088428
0.36717677,0.6630306,1.4454441,1.0193807,1.6084182,0.8829223,1.4678316,1.0168262,0.50203186,-0.35071525
0.24194457,0.3244509,-0.7270744,-0.03437177,-0.11564594,-0.31741762,-0.76216656,-0.012942798,0.21416944,0.20800322
0.70202446,0.8319035,1.1143035,0.938016,-0.38419393,1.2779971,1.0222747,1.2841015,0.245462,1.689416
-0.9959569,0.020598847,1.5453019,0.5821931,1.9366615,-0.6378468,1.6231625,1.5501509,0.2503385,0.4304431
1.6268609,1.2832701,-0.11617493,0.7483307,-1.0233333,-0.05779259,-0.10513316,-0.16510355,-0.39525932,1.7329519
-0.35084328,-0.50400496,0.23178181,-0.7470006,0.080158,0.45729366,0.26217654,0.6776122,0.36880308,-0.1250535
0.59772396,0.5090123,1.2278323,1.232,-0.021558424,0.55176747,1.404201,1.4051335,0.14095621,1.1624826
-0.54910636,0.06070367,-1.4053719,-1.0251259,-0.39112014,-1.1914895,-1.3727763,-0.9339275,0.12567,-1.0607724
-1.3038146,-1.3543942,-0.21925505,-1.4007297,-0.470722,-1.419481,-0.2371602,-1.271229,-1.1619323,-0.62168306
-1.3649824,-1.2290897,-1.977561,-0.5425941,0.20636705,-1.1701739,-1.9042078,-1.6883636,-1.1345667,-0.65118045
0.9234281,0.15645108,1.2774212,1.1455961,-1.4443712,1.5669209,1.284476,1.0590782,1.700095,-0.547934
2.2116659,0.87465775,1.4838856,0.50228965,1.5336093,0.33456475,1.5854884,2.2068872,0.9310944,1.8975933
0.09874858,0.5591836,1.2807314,0.376615,1.8467938,0.7248374,1.3065629,1.8486809,1.568254,-0.3587707
1.0805457,0.1573804,0.34720936,0.14073311,-0.14993824,0.27610716,0.29792747,-0.54109186,1.1835873,1.1104703
-0.29321414,-1.2009888,0.18774608,-0.88870394,1.5742711,-0.46266785,0.15600972,0.07354713,-0.7334082,0.44327706
1.0100427,1.0908496,1.4191067,1.5034688,-0.7052429,1.4855056,1.5455106,1.6933041,0.28505474,0.27354515
-0.24766257,-0.3873695,-2.0608048,-1.0559144,0.1302239,-0.73203903,-1.9731526,-0.61781216,-0.6823294,-1.4692152
0.6819026,1.2024934,1.0610566,0.85829556,-0.44868475,1.0038888,1.1969942,1.570436,0.7340611,1.8470552
-2.0344357,-1.5357518,-1.2048349,-1.2472279,-0.37294203,-1.4659789,-1.1110102,-1.3239874,-0.6640402,-0.2856946
-0.17642727,-0.031731606,0.32065418,-0.51516515,-0.62254375,-0.24223821,0.3052898,0.22709167,-0.49525362,0.52802944
-1.4541101,-0.7997662,-1.7560765,-1.7549747,-0.46112496,-1.7688224,-1.7358435,-1.2854192,-0.38166237,-1.4662473
1.5793976,0.49301562,0.70468587,0.40493006,-1.1592044,2.1352336,0.6491044,0.57967675,1.787184,2.093208
1.1609036,1.4688702,-0.032037344,0.6358913,-0.22866908,0.06672996,-3.3197924e-05,0.71389806,0.92848235,1.7918506
2.3849444,2.2796736,1.3203545,0.48539135,1.0338005,1.0836768,1.3139056,0.9181026,-0.048983194,0.14248174
-1.13466,-1.8499327,0.14264649,-1.4524649,0.8485843,-0.53852355,0.15031682,-1.5102766,-0.46133882,0.22402251
1.6821766,0.8010278,1.116127,1.4478219,-0.49764222,0.68302834,1.0980258,0.8168453,0.32638213,1.898488
1.3575826,0.53345394,0.1355604,0.81648093,-0.115847565,-0.07609661,0.19898462,1.571872,-0.4215564,1.7271476
0.8019941,1.2986842,0.2415474,1.1004266,-0.3975057,1.60239,0.2162816,1.4699657,1.0003023,-0.71205026
-1.3857596,-1.0998911,-0.47262064,-1.5244843,0.04752653,-0.4850474,-0.4994734,-0.55250496,-1.1137445,0.4892156
-0.6734341,-1.0615602,0.68477225,0.66352206,1.6294533,-0.2945517,0.65238035,0.73671865,-0.7815882,0.45955405
0.44881073,0.5243635,-0.65774953,0.5918733,-0.38586414,0.48700172,-0.515119,0.48310125,1.1728642,0.68972534
-0.026906889,-0.12220179,0.34429094,0.1741979,-0.76900977,-1.0134912,0.29108104,0.4164179,-0.3804331,-0.9715409
-0.53460217,-0.14242792,1.2287161,-0.91762847,1.8375506,-0.44982526,1.2101545,0.994748,-0.36590886,-0.94135773
0.0790671,0.02275274,1.0381439,0.35086873,1.2505857,-0.19552532,1.0116827,-0.16677943,0.035000928,-0.1412639
-0.19000778,-0.02524542,-0.58143824,-0.010018953,-0.064230725,-0.2561499,-0.60001415,-0.7545398,0.982522,1.1221862
0.6220001,1.9442086,1.4149292,1.5604701,1.7805078,1.5328885,1.5304766,1.5193233,1.2401307,-0.57293737
1.4663961,1.9750272,1.6233194,0.41829985,1.7537516,1.1600085,1.7781017,0.925169,1.1325996,0.5746881
0.39238355,-0.2900403,0.8022388,-0.32410038,1.1093776,0.39527124,0.7651253,1.7621644,0.3909225,-0.59626454
-1.5930109,-2.0090523,-0.8183024,-1.6397846,-0.48188046,-2.0544815,-0.80860543,-1.3606281,-1.1131424,0.07107693
1.6383175,1.5653373,0.5754612,-0.1789732,-0.8183108,1.5689095,0.6535367,0.41262323,1.53072,-1.2095592
-0.31101117,-0.287791,-0.80787957,-0.15640007,-0.27765924,0.1445837,-0.76330984,-0.4946049,1.2485235,-0.77322793
-0.65586805,-1.5664561,1.1043228,-0.38236147,1.1594874,0.08336881,1.1140335,0.3363306,-0.018846074,0.33131427
0.38572106,-0.5679234,0.62132716,0.026647506,1.539228,0.19057067,0.5622622,0.11577153,0.3010442,0.5186244
0.46423113,0.038342465,0.96978796,0.6912383,1.7902081,0.5599775,0.9344279,0.5739755,1.0913731,0.95938706
-1.0998405,4.0069222e-05,0.5874567,-0.67892647,-0.39774805,-0.1842922,0.47295865,0.74582815,0.04115453,-0.48258454
0.24358231,-0.97997963,1.1405207,0.061367914,-0.40139127,-0.80809325,1.0258362,-1.1878889,-0.74637425,-1.2536981
1.6512451,0.79699033,0.4674667,0.9252205,1.7833376,1.3458028,0.45087263,1.1853275,0.47684416,-0.8718643
0.03560298,-0.6206187,0.6682782,-0.5937797,-0.84321946,-0.55717057,0.72713614,0.27141944,-0.47676143,-0.28390968
-0.6969056,-0.37985682,0.1974448,-1.1794541,-0.9027574,-0.15070641,0.19354422,-1.571249,-0.7063488,-0.13573053
0.440933,0.37353024,1.1928673,0.28224403,-1.1427352,0.19147114,1.2024226,1.7228583,-0.5506489,-1.0358515
-0.09305931,0.4412441,-1.8605012,-0.7695799,-1.3138916,0.24977928,-1.8721527,-0.55990624,-0.47181454,-1.540804
0.24877706,-0.20216669,-1.6657721,-0.3067198,-1.0034614,-0.3419212,-1.6647394,-0.40200853,-0.2365185,-0.92314726
0.8957185,1.4727279,0.6166673,1.3852993,-0.64873314,0.7517177,0.63218623,0.8514585,1.1139276,0.74308884
-1.3352481,-0.25624594,-1.856602,-1.6852303,0.41264278,-1.2848217,-1.8732162,-1.127619,-0.3340087,-1.3409426
-0.9913744,-1.7768849,-0.93257797,-0.98609436,0.81904256,-1.4296235,-0.90274954,-0.97228515,-1.3364687,0.08484947
0.49212128,0.5591028,-0.43728304,1.5131557,0.29890022,1.6158701,-0.49249095,0.8041613,1.4467299,-0.5450301
-0.09566322,-0.39263037,0.79739547,0.7458242,0.7663064,0.159716,0.6994295,-0.042584524,-0.01893851,-0.16681188
1.3461723,0.76299334,1.2883219,2.0450463,0.790464,0.9043849,1.2906604,1.3574975,1.5140743,1.9937056
-0.45312408,-0.70849365,-1.3119407,0.21399608,-0.42461145,-1.2960043,-1.2510693,-1.1132848,-0.8998009,-1.1017594
1.8636998,1.9827678,0.8212582,1.5327599,-0.62204057,0.9837313,0.85184443,1.54982,1.0030235,-0.2240666
-0.64104915,0.26010358,-1.2817008,0.69907683,-1.000071,-0.6998365,-1.2219827,-0.1695394,-0.01755916,0.27171704
-0.9581196,-0.23666367,0.49504703,0.121831484,-0.3417243,0.5296354,0.44924188,-0.12011781,0.17361984,-0.33823147
-0.13193616,1.2369244,0.20450504,0.29206944,0.23963505,0.3623134,0.16429392,0.7571641,0.36027962,-0.8140806
0.930707,0.93741775,0.10003826,0.65967965,-0.21142289,0.3828097,0.13898829,0.26624998,0.7702364,-0.6087542
1.2924527,0.77477026,0.11436222,0.9242604,-1.2982911,0.8680766,0.09307199,0.7053348,1.5749209,1.0225947
-1.2071754,-0.55641896,-1.4347818,-0.23171532,-1.0169683,-0.53476006,-1.399467,-1.3427578,-0.4238733,-1.5728053
0.288292,-0.55406916,0.91759866,-0.17574343,0.19152842,0.07396075,0.88264006,1.0678759,-0.78521216,1.1189625
-0.5222038,-0.6618641,0.45262703,-0.93966115,0.1261325,0.12938014,0.36173066,-0.3057409,-0.5634855,0.7826756
0.82833624,1.7421359,0.5292788,0.57768697,-0.3694553,0.2896436,0.4966648,-0.29080957,1.0444994,1.7133316
0.592389,1.7436659,0.62267405,1.7443893,-0.4865105,0.13632324,0.54441786,0.69986737,-0.13098334,1.8269801
-1.4259626,-2.151575,-0.31962392,-1.2495418,-0.2312394,-1.80111,-0.30192268,-0.83093303,-0.4271013,-0.08910729
-0.9615651,-0.028845046,0.08548284,-0.095281065,0.32368034,-0.41736114,0.026053477,-0.9274632,-0.36123177,-0.6770413
1.9768286,2.158547,0.52637523,1.5296484,1.8355561,2.2173564,0.52702236,2.2985141,1.5103838,0.5352412
0.16853508,-0.29170442,0.29788667,0.65593827,1.7553374,0.35679477,0.291135,-0.8659272,-0.4576314,0.21128303
-1.5738894,-1.8890301,-0.8253085,-1.1816866,-1.1120749,-0.5682787,-0.8362942,-1.7388887,-0.9983618,0.22292057
0.6734631,0.4272942,1.1241252,0.33474723,0.4379289,1.2979882,1.2082974,0.015366573,0.7519845,-0.75379074
1.4230146,1.14707,1.087548,2.0093415,-0.035361428,1.0942253,1.1373839,1.2157912,1.3894299,2.0621762
1.3650069,0.9492588,0.40487736,1.5957621,-0.4009232,0.7089737,0.4503916,1.1941574,0.713794,0.41234934
0.6693338,0.34735367,0.41073918,1.1936787,0.14186274,-0.070880994,0.3398605,0.26756176,0.4443038,-0.97764754
-1.3316071,-0.53730285,-1.6013743,0.21369849,-0.5261651,-0.43269274,-1.6375735,-0.55118996,-0.06860124,-1.3737538
0.006826002,1.4928803,1.3811568,0.019483205,1.470738,2.3063066,1.4702591,1.6475201,1.554033,-1.192202
-0.5639399,-0.6768596,-0.8008579,0.44944862,0.55051184,1.0837878,-0.80857,-0.24068248,0.47513977,-0.82685876
0.0745344,1.0283055,0.83108073,1.5220056,-0.88678634,0.52987003,0.7890721,2.3159165,-0.13212523,0.8032473
-1.4168403,-0.18351808,-0.24032801,-0.36605358,-0.6722232,-0.5432391,-0.21191743,-0.6653991,0.15639219,-1.261338
-0.049552843,0.678185,1.3113198,-0.6008717,1.7807199,-0.5267198,1.3290617,0.5900776,-0.5048003,0.00058100745
1.5268931,1.3329815,1.2917409,1.4049071,1.9013448,1.3398411,1.218098,1.5994089,1.2212617,-0.081552766
0.83558553,0.7413973,0.6831811,1.123928,0.525824,1.5621705,0.6571597,0.6918868,1.0997173,-0.2566626
-1.7736348,-1.1228524,-0.31412753,-1.466094,-0.37186933,-1.6926699,-0.36820793,-0.7125375,-1.0812776,-0.3537315
0.2462132,-0.25541595,0.7126576,-0.017428463,1.3031982,1.0785027,0.7381546,0.6796548,-0.5123328,0.7961955
-0.741099,-0.24989381,0.6253464,-1.0895116,1.8474846,-0.14012271,0.6694429,-0.09505448,0.35585165,0.5566316
0.07015614,-0.38931268,-0.19942307,0.41032076,0.5522407,0.4361042,-0.23378539,1.3167782,-0.2030656,-0.17824008
0.31190315,0.3162017,0.2643304,1.2320213,-1.5822679,-0.41869393,0.30515334,0.20223409,0.3508631,-0.16140562
1.3939035,0.7604545,1.0247974,1.3054845,0.37422,1.1447862,0.9752168,0.826766,-0.2519101,2.233004
1.0965497,1.3728033,1.0619966,1.7408928,-0.69739,0.051747154,0.971754,0.096081525,0.06954678,1.4821676
0.16502133,0.27291462,0.37970573,1.055912,1.4547083,0.95483685,0.4040649,0.44747618,0.7941991,-0.43629175
1.007581,1.1142018,1.7041184,0.7830414,0.10811971,0.56928355,1.8364204,1.6249225,-0.13681027,1.5970092
0.91682065,0.71580666,-0.8306209,0.9230653,-0.8168929,-1.1039141,-0.6994957,-0.446707,0.17252304,0.41194913
-1.8193451,-1.5034992,-1.8866823,-1.1072574,-1.1070787,0.27216482,-1.8534806,-1.528887,-0.2643069,-1.3793778
1.7395983,0.6761748,0.45040396,1.3363553,-0.44485185,0.74462914,0.35250017,1.5413191,1.563494,0.22735582
0.93314683,0.52414423,0.44415566,1.2738396,0.4777872,0.86204517,0.40939665,0.033416346,1.8157063,0.47508258
-0.25712234,0.23965721,-2.1627963,-0.6254576,-0.14367595,0.024549643,-2.1993768,-1.2607551,1.3539147,-0.98368037
-0.12553647,0.22407216,-1.5454907,-0.47143644,-0.5936963,0.4695561,-1.5323865,-0.5462532,1.0991207,-1.2816676
-0.2908174,-0.197591,-0.13910665,-0.12704468,0.091692895,0.58116394,-0.08842126,-1.1101294,-1.655703,-0.15442628
-0.8022141,-1.4866931,-0.34793606,-1.4157729,0.03755982,-1.5035896,-0.35114494,-1.0936713,-1.110107,0.01376787
0.36055923,0.037982244,-0.7985946,1.4497858,0.26440513,0.72455204,-0.7918948,0.31117293,0.44668248,-0.9906032
-1.082597,-1.2204199,-1.3311703,-1.4848405,-1.6428832,-1.6480057,-1.2745837,-0.61944234,-1.4694685,-0.43826538
0.28418326,-0.24162284,-2.012232,0.58792055,-1.3733954,-0.43443614,-1.9838529,-0.49863127,1.6385195,-1.2707148
1.892479,2.3250978,0.4504272,2.2658882,1.8127985,1.5797863,0.496111,1.7141647,1.2230821,0.82685184
-1.0862145,-0.8021256,-1.7938306,-0.98424464,0.21014552,-0.9093643,-1.7159164,-0.98297197,0.3460465,-1.047218
-1.1057425,-1.4560258,-0.22662765,-0.70762515,-0.2910293,-0.72990197,-0.21507609,-0.9278788,-0.28384975,0.57135415
-0.77198756,0.07297424,0.07873194,0.00020683138,-0.84142005,-0.37042034,0.122077614,-0.54157186,-1.5296829,0.9102024
0.99732244,0.19700554,0.17620775,-0.15145749,0.58764446,-0.20022781,0.17859846,1.2289488,-0.040933188,1.2717897
-0.769614,-0.20181152,-0.01247517,-1.1081812,0.030844638,-0.9470133,-0.10391761,-0.16308141,-0.51417255,0.30924582
0.8205792,0.4997357,-0.41313985,0.82643306,-0.036119297,0.8057898,-0.4496246,0.16047661,1.2941352,-0.35116196
-1.2034283,-0.5071197,-1.601312,-0.5766077,-1.0084721,-1.5510191,-1.6188574,-0.96966076,-0.61345977,-1.4050549
-1.5183733,-1.3142893,-0.89066267,-1.806242,-0.49878377,0.033942945,-0.88328606,-1.4794583,-0.6495813,0.008681194
-0.8768183,0.14831284,-1.0924971,-0.04838839,0.12866607,-0.418917,-1.0364006,-0.8683309,-0.46759152,0.20043366
0.5034793,0.10178563,-1.1259309,-0.6396072,-0.33265048,0.21430461,-1.0721481,-0.18357787,0.89390737,-0.9542256
0.6114445,-0.02681046,1.2367388,0.839816,1.8727851,0.20452008,1.2495284,0.6822805,-0.55349445,0.27702227
-0.87903047,-1.45524,-0.8461703,-1.5609393,-0.9519321,-1.5024636,-0.8114634,-0.19056,-1.4617937,-0.63338363
0.4700976,0.31264016,-1.5545555,0.46225974,-0.7067752,1.0835723,-1.5695903,-0.2974516,0.5131383,-1.1045308
0.92029905,1.1039517,1.498483,0.3095245,1.8323315,0.4030483,1.6178453,0.42264843,0.07493135,0.8395155
-0.2506417,-0.4788932,0.8254585,-0.15790787,1.8780227,-0.1949233,0.82383513,0.024934605,-0.4400185,0.4542575
0.4347026,1.100396,0.33067116,-0.30430314,0.13229138,0.8209635,0.29954863,0.566893,0.59629077,0.59603834
0.5606284,0.7978473,0.8573324,1.1386709,1.8051838,0.79222035,0.8893823,0.89549077,1.0334117,-1.2783784
0.43754584,-0.33619153,0.59599304,0.7401254,-1.3738298,-0.08214025,0.5865092,0.30322462,-1.0445333,0.89627945
-0.17462833,-1.3713958,0.75809824,-0.7491316,1.2948954,-0.28346667,0.71982497,0.39628935,0.61962175,0.81961995
1.0087487,1.5880191,0.5464346,0.32359466,-0.14130098,1.1137718,0.60485274,1.6583804,0.82438606,-0.55600554
-0.120707184,0.768211,1.4282424,-0.5694472,-0.9235457,-0.96404594,1.4059684,0.40696794,-1.0131125,1.732728
0.022810705,0.72913265,-0.6941581,-0.5492028,-0.09147936,0.769818,-0.65906113,0.90066445,-0.173078,-0.84137225
0.8674462,-0.37477797,0.64888626,0.6132236,-0.07540281,1.101115,0.67936146,-0.2820786,0.18129975,-0.10597674
-0.0011767178,-0.87244207,-1.3040255,0.0289094,-0.60549784,0.024967387,-1.3571223,-1.0125659,-0.5256213,0.02586471
0.394661,-0.068770394,-1.3682824,-0.18412659,-1.078181,-0.24072374,-1.3775662,-0.45380986,-0.38311273,-1.1370455
0.9695291,-0.3930723,-0.33127385,1.5365893,0.36155123,-0.25121802,-0.2944283,0.19106175,0.620415,0.8137207
-0.03003709,0.5418714,-1.3036566,-0.2300811,-0.36203757,0.3917423,-1.3585558,1.0076138,1.525106,-0.48796198
-1.584456,-1.0591537,-0.5090586,-0.9294773,-0.90369624,-0.7788756,-0.50320685,-0.7245409,-0.13945557,-0.98601323
-1.239547,-0.79288316,-1.862296,-0.9178556,-0.040710013,-1.4707303,-1.7547988,-1.476681,-1.193253,-1.1072317
-0.2072987,-0.9113927,-1.2841291,-0.52239156,-0.88787746,-0.7325516,-1.239877,0.030078351,0.8900951,-0.014572311
-0.27074826,0.16659507,0.18694207,0.5510045,-0.5963662,-0.6085063,0.19441062,0.69166243,-0.21279359,-0.019499896
-0.5247812,-1.1875991,-0.07259654,-1.1216375,0.34882417,-0.83346784,-0.073287494,-0.24907306,-1.100505,0.10535647
0.67758036,0.55851287,0.9410007,-0.2676449,0.9826387,0.28187934,0.9158345,-0.008379854,-0.35574514,0.6205388
0.9857638,2.198753,0.44572645,1.047694,0.098592855,1.1245747,0.44813377,0.8499143,0.53623796,-0.7523381
0.29831234,1.2533257,0.48603493,1.1126329,-0.29158482,0.050413728,0.5076776,0.6808114,0.7765864,1.6469481
1.1388645,0.42003736,0.80298746,1.542774,-1.2675838,-0.04586343,0.7889512,0.9697087,0.21159986,1.7338744
-0.919049,-1.9509587,-0.15885037,-0.8251528,-0.28502262,-1.4226036,-0.17334524,-1.1918652,-1.0715042,0.24769914
-1.115423,0.26841456,0.714491,-0.97274774,-1.1150919,-0.63331854,0.7002051,-0.54059243,-0.81335515,0.84948695
-0.56823957,-0.4635682,1.1317605,-0.05928131,-0.4841417,-1.1217418,1.1546389,0.6967163,-0.24383958,-0.4448463
-0.82182217,-0.94355357,-0.21939367,-0.52557147,-0.07850866,-0.98506993,-0.21028648,-0.009513782,-0.29082194,-0.59083396
-0.22265007,0.73399395,0.3843432,0.3863116,1.8688655,2.1268022,0.47499332,0.14564332,0.7273058,-0.07283803
0.07549158,-0.37752742,0.034417085,-0.040265568,-0.7949214,0.50547665,-0.073944464,-0.19686851,-0.7844738,-0.09446466
-0.42903355,-0.8094398,-0.69616127,-1.0358254,-0.2905876,-0.3966147,-0.7018429,-0.76451683,-0.41947323,-1.07773
-0.95487803,-0.27802622,-0.70093495,-0.33615845,0.32067496,-0.77913606,-0.73853946,-0.96645796,-0.61478937,0.09096789
-0.5525521,0.47906363,0.6400955,-0.970831,1.8042206,-1.8367705,0.63518846,1.8449862,-0.6835989,-0.21263914
1.1180836,1.2998955,0.763875,1.6147628,-0.09814667,0.1912294,0.7350323,0.5040429,0.4884655,-0.12208158
-0.53963405,0.3003821,1.1147821,-0.24610932,1.8910911,-0.12202333,1.132778,-0.2055501,-0.9695177,-1.1410844
-0.15395957,0.69671607,-1.2253704,-0.75636286,-1.1630006,-0.35284066,-1.2012253,-0.7769151,1.050569,-1.2458107
1.4985839,1.0494334,1.2776872,1.1428165,1.886109,1.4062356,1.2425723,1.2577822,0.7022196,1.8888597
-1.4244218,-0.72889733,0.5588828,-0.55893564,-0.7775415,-0.77622837,0.5503416,-0.6757685,-0.2454657,0.2065785
-0.91062176,-0.18274759,-0.85043335,-0.72581434,0.43483445,-0.14531857,-0.8113899,-0.045911126,0.8916294,-0.72277796
0.55692184,0.23033209,0.73560923,0.8882643,1.2276746,0.5785355,0.72169876,0.36455974,-0.008844841,0.26253742
0.17796409,-1.3377501,0.8654617,-0.42951578,1.8361229,-0.15847784,0.8150146,-0.45874363,-0.43955296,0.07686261
-1.2889847,-0.9200181,-2.4235883,-0.49182546,-1.2322447,-1.0673032,-2.4454021,-1.6101797,-0.94462997,-1.673
1.6450858,-0.24939801,0.86063445,0.25892124,-0.7077743,1.1473327,0.8215572,-0.07621564,-0.36706382,1.147116
-0.710619,-1.1089658,-0.9658073,-0.7927358,-1.036929,1.1749,-0.9431758,-0.53637826,-0.66582596,-1.4059005
-0.054420687,-0.09901127,-0.3339172,-0.5789492,0.06787701,0.5150652,-0.30429566,-0.8798944,-0.618645,-0.19638897
-1.2935262,-1.4935185,-1.760456,-1.5779866,0.24395609,-2.1703825,-1.7189393,-1.6031051,-1.7619283,-1.289166
0.11613656,0.89928126,0.79537416,1.1780936,0.16006215,0.120610006,0.75668055,0.7342371,0.18984148,-0.13525182
0.5019688,0.44003952,-0.21009766,-0.39254448,1.0233105,0.24782452,-0.18781567,0.9780537,-0.018715147,-0.944629
0.18287277,0.5493982,-1.8694626,-0.5496376,-0.6540093,-0.25804758,-1.8202612,-0.5285994,1.7942808,-1.274288
0.07016121,-0.10816223,1.0753729,0.4610628,-1.2399437,0.6370798,1.0811012,0.9722244,0.1305608,1.4264357
0.36381036,0.5945313,-0.06188617,-0.29273623,-1.5775071,-0.39237827,-0.085537046,0.8319563,1.3322759,-1.0391816
0.18602367,0.5317509,0.89577174,0.69409317,0.48863387,0.5120826,0.8475059,-0.34713393,0.95111763,0.92244387
0.5891217,0.91150045,0.07588214,1.0330329,0.63218856,1.2280365,0.1544556,0.25378382,-0.31050143,1.4690204
-0.117826186,1.2421652,1.1854615,1.3755828,1.1688863,-0.19203374,1.1580428,1.6395118,0.023982761,-1.0841923
0.6861723,-0.7690783,0.62956387,-0.060940493,-0.5866017,0.8168419,0.56219053,0.93921846,-0.76753104,1.0753601
0.56802166,-0.032287247,-2.0894716,0.36049378,-1.4973986,0.57434815,-2.0369468,-0.6101602,1.4468403,0.6098449
0.3319961,0.22767475,0.32677382,0.73168933,-0.5266212,0.41369152,0.33053517,0.53045774,0.4395308,-0.037300773
-0.13962404,-0.16309258,0.48232156,-1.1338248,0.4753287,-0.2951595,0.48061582,-0.007821685,0.0019159652,-0.161527
0.6507223,0.24448034,-0.006617604,0.16791049,-0.23968588,-0.22035286,0.026064828,-0.34344977,-0.17707054,-0.44046593
0.6232533,1.426828,0.5670717,1.6556545,1.7290345,0.9223094,0.5181688,0.7888825,0.40062857,1.217267
0.7607287,0.42459244,0.6327596,0.57478166,-0.23075104,0.5209683,0.5634717,1.0559658,-0.5538409,1.323623
-1.0087448,-1.4969828,0.55041194,-1.0889719,-0.5770936,-0.7641991,0.58152527,-0.0999359,-0.9644526,0.46602854
1.2050798,0.16208893,0.69124633,1.2804081,-0.44243425,0.9164903,0.65437216,0.1395527,-0.055090934,-1.0867655
-0.813076,1.206253,1.3130044,-0.26868495,1.8324304,0.6708437,1.2356933,0.58748233,0.61784816,-0.018847372
1.1531223,0.9025892,0.27820462,1.0879365,-0.17221841,0.70932317,0.25207847,-0.005429128,1.1595123,1.2656616
-0.4844403,-0.20477235,-0.047598325,-0.9955604,-0.6112001,-0.6415162,-0.13916102,-0.69476354,-0.028258618,-0.061564248
-0.8652433,-1.5159717,-1.4597633,-0.80667967,-0.29204947,0.10953562,-1.4339769,-1.4248806,-0.9972473,-1.0039529
0.7177576,0.41609484,-0.29371947,0.87168384,-0.60396147,1.1195862,-0.26342446,0.17777948,1.4139233,0.19680542
0.30721426,0.974146,0.56898344,0.88246655,0.05347664,1.6346837,0.55774355,1.2698929,1.5707781,1.4794997
-0.015470056,-1.6348681,-0.072660126,-0.2666796,0.44207606,-0.7756809,-0.043838214,-0.18774173,-0.5342405,0.19328177
-1.7228765,-1.1254829,0.3835038,-1.0169961,-0.052306533,-1.636519,0.35768056,-0.093648285,-0.6498177,-0.68961126
-0.8343309,-1.0951756,0.55022126,-0.4264673,0.62055385,-0.72627974,0.51761013,-1.1329725,-0.3767985,-0.72242546
1.0578907,0.5205068,-1.0980926,1.4021847,-0.07666014,0.7959213,-1.0207283,-0.23106587,1.1217358,1.3294295
0.015619959,0.036912307,0.80092835,0.74819314,-0.34941965,1.1007528,0.7643117,0.22062433,-0.018349767,1.7362044
-0.5063501,-1.0215864,-0.48026425,-1.4913335,-0.6464644,-1.3675189,-0.4739729,-1.3835635,-1.0267987,-1.3558925
1.3570457,0.595413,0.9915583,0.5604109,1.7216327,-0.39955282,1.0229335,0.9227611,-1.0235951,0.71536607
-0.3422831,-0.09461571,-0.028457304,-0.33021542,-0.80387896,-0.2364662,-0.0038708993,-0.4222497,-0.25992525,-0.53839517
0.42181256,0.018532313,0.08292972,0.49551237,-0.5382586,1.3987459,-0.006276749,-0.2629335,1.0842327,-0.93915313
0.028216936,0.95874536,-0.90776527,1.6773705,-0.77575064,0.5994588,-0.8315855,0.07682291,1.7912574,-0.93466806
-1.5699098,-1.968949,-2.0299604,-1.9508679,-0.20462991,-1.399062,-2.0044405,-1.7910938,-1.4265956,-1.1076827
-0.90020597,-0.9597016,-0.99145734,-1.2958899,-0.9047616,-0.63264155,-0.97594833,-0.83954334,-1.1849973,-0.5589567
-0.07919632,-0.45073175,-0.9323175,-0.22242698,-0.8583119,0.11771028,-0.92814267,-1.011406,-0.93266076,0.1226489
1.4342726,0.88806486,0.85977197,0.7602203,-1.6027017,0.26169446,0.9360969,0.45946443,-0.18048806,1.9137537
1.2341263,1.140834,0.4449302,-0.40035397,1.8641025,1.1104118,0.39107138,0.62492293,0.9781215,-0.9391215
0.5463258,1.0044489,1.1772509,0.8805356,-0.31390476,0.958073,1.127418,1.6962614,1.1818085,1.1951876
0.93333846,0.58098507,-1.256655,1.1217294,-0.5668865,0.7771187,-1.2483623,0.37550318,0.71484405,-0.9537079
-0.29339018,-1.1122783,0.12840365,-0.32034886,-0.5580529,-0.8006388,0.061943833,-0.51188636,0.40852606,0.25238472
-0.33578792,-0.2035722,1.1237884,-0.34239578,1.9209614,-0.5857477,1.1514628,0.40764898,-0.55654263,-0.29402453
-0.39816943,-0.6400528,-0.8191417,-0.92035675,-0.1916829,0.75183,-0.8210386,-0.2535876,0.12928736,-0.9212942
1.5277271,1.641276,0.8307518,0.8942695,-0.38961917,0.95080495,0.74881196,1.4775846,1.0800946,-1.3026685
1.4979835,1.1055187,0.50505483,-0.37094322,-0.9557565,2.0646584,0.39922345,1.478368,1.3029039,-0.36513418
1.6342429,0.4576029,0.57170326,1.2039845,-0.77976376,1.0579756,0.5333967,0.6405923,0.83152115,1.4541001
0.6797391,0.7011168,0.19983238,1.1366191,-0.45080882,1.0097703,0.06626313,1.0513207,1.0207506,-1.2436361
-1.6420097,-1.0898885,0.48657364,-1.0220971,-0.96101284,0.09792445,0.43768865,-1.0666279,-0.66516757,0.252173
0.49209473,1.0235717,0.81982535,0.30430344,0.6481441,1.9009123,0.78421706,0.8628521,1.0114,0.3658357
-0.3707667,-0.70495063,-0.24158682,-0.7837707,-0.51080704,0.12195167,-0.2090625,-0.7038966,-0.10287037,0.118614085
-1.0690286,-0.889016,-1.2038615,-0.91642785,-1.0767637,-1.320581,-1.0775484,-0.8138723,-1.3907374,-1.2224001
-0.037272535,-0.20478767,-2.6288676,-0.9068865,-0.31056535,-1.0885892,-2.5631864,-1.6390737,-0.09269759,-1.012029
-1.0927894,-0.6033485,-0.3255748,-0.81378484,0.2095566,-0.40326703,-0.3090686,-0.33787465,-0.114359796,-1.8211246
-1.9295125,-1.6448191,-2.0536392,-1.5909232,-0.062425673,-1.83612,-2.0139782,-1.3194671,-0.7728524,-0.12232439
-0.848473,-1.6596127,0.34860867,-0.193505,1.8178351,-1.2634889,0.25609118,0.021048915,-2.1022618,0.19152908
0.5921284,1.2774944,0.9776125,0.6888094,1.2088029,-0.25179595,0.8795508,1.9504223,-0.12718609,0.26553577
1.76525,1.2897865,0.7133018,1.4371645,1.238871,1.6788139,0.6401826,1.0216799,0.9938542,2.3030798
0.56346565,0.5736766,0.7637929,0.36920026,-0.33791408,-0.6123378,0.7263906,0.86952263,-0.38717413,0.09759599
0.13458595,0.73834634,0.80673295,0.8070104,-1.4714341,0.33133054,0.72284365,0.14394125,-0.60945094,-0.9372983
0.11674758,0.010542704,0.34272054,1.185837,-1.1118882,0.2844724,0.3165896,0.17100403,0.108776525,-1.3472164
0.9660029,-0.14255673,-0.10840592,0.9435714,-0.5798603,-0.0766423,-0.13391814,-0.16528112,-0.07389805,-1.2956256
-0.12257211,-0.77862954,0.5997812,-0.4985277,1.7072985,-0.8933646,0.5989962,1.2330719,-0.3382975,0.61009985
0.13140965,0.45281526,-1.1831577,-0.46331227,-0.6278477,0.7835293,-1.1701813,-0.5195798,0.15053304,-0.6215874
0.40393996,-0.19970551,-0.014010494,0.18464325,-0.06681941,-0.19233029,-0.012525096,-0.38343573,0.06993079,0.8999057
-1.6738237,-0.6286808,-0.33933967,-0.42223287,-0.6796305,-1.4199789,-0.27200955,-1.1033868,-0.92721176,-0.09995204
2.1134944,1.2533275,0.87296796,1.6670619,-0.89679754,0.67472875,0.8095786,0.80758625,1.1006039,0.19102821
-1.3896128,-0.8038697,-0.6118118,-1.1189387,-0.31566432,-0.5794224,-0.58944166,-0.96422017,-1.512763,-1.3808295
-0.35534245,-0.6756706,0.86835253,0.46705955,-0.4498237,-0.6687193,0.8412539,-1.2434137,-0.46545675,0.61819214
2.0460927,1.873698,1.4354653,1.929786,-0.22113685,1.0443258,1.4638784,1.0324402,1.4176497,0.45344743
-0.6514171,-1.1452339,0.16249923,-0.36454058,1.4004653,-1.1845558,0.09477396,-0.92120034,-0.62108004,0.5054418
1.1004004,0.4896028,-0.043857507,-0.43007317,1.8226748,0.6301738,0.011625143,0.41162544,-0.025852885,-0.7747885
0.72745657,0.77780616,-0.08791758,0.18423718,-0.50661373,0.30597964,-0.052044343,0.12159281,0.28333864,1.4814363
0.13465944,0.13434376,0.2587543,0.48098776,-0.6815127,-0.41531694,0.22771409,1.2258689,0.2248405,-0.9069625
1.8175476,1.0685556,0.8448847,-0.41267765,1.8235234,-0.16351421,0.842117,0.98561054,-0.42119992,-0.011975898
-1.1544267,-0.9770648,-1.1094317,-0.78880996,0.20293945,-1.0514066,-1.027044,-0.96102107,-0.19864996,0.014912097
-0.9043407,-1.0896704,0.020065645,-0.70961523,1.2751718,0.35534143,0.003246054,-0.2219616,-0.781955,0.5837566
-0.49506378,0.091954544,1.2364798,0.48596317,0.9117334,-0.0083311,1.2117566,1.7855167,-1.9308641,1.6436479
-0.28521144,0.27912128,-0.040138736,0.52553666,-1.048602,-1.0585369,-0.04210584,0.18056807,-0.31081516,1.4786224
-0.16002445,-0.5619932,0.025533346,0.09027284,-0.09674761,-0.16817576,0.03645639,-0.70642436,-0.5410512,-0.2660569
0.20178185,1.1892098,1.3534824,0.07463047,1.8409159,0.2289381,1.3815392,0.45766813,0.8929615,1.0581187
0.13779823,0.6305914,0.6650157,0.3271613,-0.8397453,0.31565315,0.64661086,-0.05983516,-0.41678298,-1.4863429
0.7553651,-0.21497694,-1.7142087,0.3631704,-0.35430875,0.34218872,-1.6831702,-0.6500777,2.238752,-0.5138936
0.6433871,0.18530133,-2.1436553,-0.6779078,-0.6025552,0.09567141,-2.1426613,-0.5477403,2.1194985,-1.1716363
1.0014207,0.7913998,1.3579409,1.0696998,0.51924646,0.45779204,1.4806178,1.4657278,1.4077892,2.4707446
-1.0454754,-0.9178473,-0.03998069,-0.70410675,-0.08170284,-0.17618038,-0.019782808,-1.2170012,-0.7723141,-0.4114536
0.023955513,-0.22220854,0.8313098,0.30878097,1.2507027,0.61067224,0.77576685,0.12984525,-0.62567043,-0.37230217
0.9846031,0.7777447,-0.0023756623,1.1963495,0.16432844,-0.08126342,-0.00348543,0.5105542,0.7587472,0.56597686
-0.90859354,-0.66627294,-0.0020526927,0.073801205,0.07939155,0.08914296,-0.053963065,-0.4302669,-1.4118156,0.5810672
-0.2661728,0.54284644,0.7675409,-0.8083298,1.8610389,0.90555495,0.7201258,-0.02688321,-1.9096978,0.31853437
1.0468771,1.4283146,0.08903991,0.93748987,0.058063466,0.36658114,0.17042954,1.1239151,1.4224036,-1.0503974
-0.87743706,-0.8170012,0.44864666,-0.7591108,0.060069516,0.31279022,0.44864234,0.081726246,-0.29794067,-0.4169573
-1.0839118,-0.73327845,-1.5964869,-1.6630895,-1.097476,-0.74617004,-1.5558828,-2.2296817,-1.3676615,-0.52645475
-0.23432752,-0.51465535,-0.99464977,-0.22707891,-0.46262476,-0.016184894,-0.98596716,-0.7747813,0.12805629,0.10195295
-0.019412374,-0.14854424,0.083333716,-0.20277318,-0.9336421,-0.50477695,0.06701398,-0.46350336,0.1618708,-0.5409322
-1.4772556,-1.2658997,-2.0573566,-1.3334197,-0.25008786,-0.88872015,-2.0017452,-1.3288262,-0.29026157,-1.7460287
0.87087274,1.7178075,0.8369711,0.7538927,1.7930832,0.37059918,0.8450315,1.0793855,0.16475755,0.9102973
0.44933468,0.7423794,0.42966166,0.79226536,-0.38032937,0.80097234,0.47617579,0.7129158,0.34785396,1.6873995
-0.044934306,-0.536366,0.041513685,0.16740221,-0.49004182,0.30798274,0.04707872,0.56606823,0.36839482,-0.41870838
0.4605037,1.6308138,0.9531305,0.59645027,-0.23817961,-0.4465102,1.0525041,0.3452694,-0.021501444,-1.7851248
0.40609604,-0.020331893,0.72473776,-0.14758675,0.085892424,-0.7904614,0.687719,0.38362592,-1.577683,0.64148724
0.6651387,-0.20485009,1.4557495,-1.1173956,0.4719662,0.67114043,1.5482433,0.5186994,0.365581,-0.08684395
1.0047455,0.21708678,0.6554432,1.2807086,1.7381346,-0.5479511,0.6168689,1.1340739,0.12392831,0.86272156
0.8746502,0.19950584,0.85446364,1.1748154,0.76668423,-0.8680742,0.7531419,1.6552494,-0.13044341,0.86057127
0.09485574,0.8559471,-0.082089216,0.6565455,-0.9936472,-0.091432355,-0.08502647,0.993652,-0.58704895,1.3104477
-1.0355352,-1.2218328,-0.080320396,-1.3055503,-0.5033892,-0.97102106,-0.07968402,-1.098938,-0.8068538,-0.6972953
0.36082807,0.96987295,-1.5991349,-0.21452737,-0.77378184,0.22942466,-1.5023034,-0.2943326,-0.21713877,-0.63079196
1.195723,1.2877502,0.80438673,1.0340652,-1.6519158,1.0612977,0.8224717,1.1914005,0.8202885,0.9056012
1.3370568,0.17871006,0.57964385,0.52424693,0.2634598,2.044555,0.5135547,1.1316483,0.58853686,-0.17140213
-1.7777183,-0.84041405,-1.1289163,-1.7872878,-0.15741144,-1.6847363,-1.0978874,-1.4042529,-0.6668806,-1.3219972
1.7165864,1.2735217,1.3738419,0.70601416,-0.5765062,-0.07002358,1.371764,0.17222399,0.66209346,1.8756353
-0.2041673,-0.00581011,0.2670781,0.10166025,1.2576501,-0.38940066,0.19363481,-0.76813924,-1.1080796,0.43297628
-0.40769485,0.2699402,0.6167784,-0.25829208,0.44245774,0.117915094,0.5617559,0.55009884,-0.20304084,0.44731325
-0.4694555,0.30321634,-0.12028424,0.41444284,-0.19464865,-0.106127486,-0.10649322,0.0781187,0.8750661,-0.0013895854
-0.5461956,0.3805787,0.7294432,0.2174451,1.1885568,0.08462011,0.6929693,0.13229385,-0.07368621,1.3115363
1.0691265,0.2237015,0.5970324,0.48239216,-1.2456307,0.23521256,0.5374991,0.7609042,0.42884177,1.4785187
-0.96420205,-0.6530929,-1.5055035,0.38033026,0.30318713,-0.54037774,-1.487931,-0.23604006,0.29384723,-0.79230094
-1.2395912,-1.7893178,0.09404368,-0.69904864,0.50106305,-0.9907165,0.106906384,-0.032139733,-0.09302278,0.6570698
0.33336014,-0.25629288,-0.4401803,-0.6560153,-0.36191356,-0.31885386,-0.48019022,-0.6340423,-0.2067313,-1.9076115
0.86402565,0.7560346,0.29522794,0.38254118,-0.15250096,-0.29101807,0.32118294,1.3546032,0.20509619,1.457779
0.3769666,0.18883528,0.58849436,0.29170147,1.5318239,-0.13031384,0.60224855,0.9582722,0.052938413,1.2157305
-0.10523671,-0.5964577,1.0169804,-0.3671253,-0.67655176,-0.020481642,1.0619318,1.3553324,-0.15019251,-0.25092
-1.5192692,-1.586222,-1.1004754,-0.9537431,-0.6616391,-1.2734392,-1.0924402,-0.97170687,-2.2622738,-0.16588439
0.70101726,0.4976167,-0.23024534,1.4569745,0.13193622,0.5550302,-0.25091934,0.15111639,0.2924715,-0.71056783
-0.4658547,-0.6177787,-1.4619231,-0.0559226,-1.2533064,0.1339498,-1.4315426,-0.487445,-0.21585487,-1.6172864
0.749346,0.57358336,-0.2916765,0.35465467,-1.0446651,-0.5296997,-0.29808798,-0.13762347,0.5888612,-0.3191539
0.89142454,0.62664974,0.30163494,0.7780441,-0.77682066,-0.34107414,0.2687089,-0.33911395,-0.045482047,1.6567414
0.38371903,0.37650263,-1.8640178,0.6263705,-0.1972619,-0.5344916,-1.9133561,-0.9274369,-0.22254744,-0.9584112
0.11046992,0.30803436,1.0051247,0.39882672,-0.4132347,-0.8529643,1.1282829,0.6305938,-0.713833,-0.71845555
-0.47831196,0.387779,0.36481062,0.3738082,-1.6349932,0.8856215,0.40606648,-0.3508888,-0.6482913,-0.72248346
-0.8500819,0.23753142,-2.0215268,-1.0129836,-0.3722096,-0.97972965,-1.9885011,-1.3756727,1.008609,-1.3578918
-1.0449797,-0.5583824,0.7033192,-1.3509924,0.4284874,-0.18468308,0.72529936,-1.2487001,-0.66226006,-0.7598581
0.4361571,-0.53329545,0.23281454,0.1894223,-0.6863036,-0.91122985,0.2492661,0.013932623,0.47452742,1.4412532
-1.3408567,-0.032009028,-0.6078587,-0.4659087,-1.4506314,0.42592037,-0.6231469,-0.5476607,0.41998637,-1.3582728
-1.228461,-1.9095426,-1.4478389,-2.0127637,-0.80043304,-1.473058,-1.3930308,-2.2142196,-1.5167418,-0.03186019
0.7929693,1.0757823,1.2997267,0.7955482,1.4116005,1.398667,1.35621,0.66527766,1.050506,0.70994675
-1.077009,-1.3359957,0.39260018,-0.29487517,1.850324,-2.1714873,0.36095697,0.7996125,-1.2915939,0.11564319
1.1781739,1.2019086,0.15138221,0.27783942,-0.7092197,0.69450504,0.06657164,0.4615345,1.9304609,0.14314829
0.89774734,0.25878516,0.53032315,0.74834883,-1.0681609,0.60933983,0.50151074,0.98895276,0.00785828,-0.09837164
-0.3970236,-0.6283857,-1.0004156,-0.89194465,-0.7273273,-0.40277544,-0.93469024,-0.3651008,-0.87461317,-1.5369648
0.86133707,1.3364757,1.1114093,1.2107565,-1.1663284,1.2630937,1.1293238,0.4722039,0.73237526,0.579713
0.49127686,0.20039254,1.0383906,-0.12856233,-0.7072556,0.588982,1.0301793,1.554572,-0.0070589148,-0.12740168
-0.83436793,-1.2226895,-0.89512193,-1.0837871,0.18204483,-1.0555521,-0.80833113,-1.5157115,-1.2813869,-1.2377561
-0.8988434,-0.94472265,-0.13715613,-0.19644235,-0.8016851,0.17216742,-0.24111056,-0.38843688,-0.9342352,-1.3399229
0.26588655,-0.29367864,0.33486733,0.7619312,0.07403618,0.5313194,0.35894394,-1.0815451,0.43052727,0.09852729
1.4046695,0.7909773,0.05594105,1.041085,-1.6804799,0.28943574,0.09554173,0.8329632,-0.052825205,1.2911842
-0.15880701,-0.2940048,0.14893809,-0.9129697,1.6273971,0.3418886,0.141502,-0.6718182,-0.21084304,0.42541286
0.10523449,-0.47536132,0.81540334,-0.5193064,-1.2372782,-0.858938,0.75255156,0.84328866,0.039481383,-0.18335655
1.0114613,0.398938,-0.2695626,0.74550986,-0.46990228,1.2199743,-0.27410778,0.20464042,0.6668208,0.40646183
0.103597164,-0.6383626,0.5030147,-1.2489209,1.5734854,0.019771673,0.42248875,0.22247683,-0.8157892,1.3804471
0.052797727,-0.8204498,1.0751019,-0.3420504,-0.15489423,-0.83826303,1.0386271,-0.3557574,-1.598276,-0.41111153
-1.9230394,-1.0309558,-1.0235553,-1.961619,-0.64238596,-2.1131105,-0.95940363,-1.5116138,-1.2154341,-1.2208966
1.6818705,1.8368438,0.07809712,1.0191298,0.10646364,0.4907097,0.16655993,0.8693635,0.3301975,0.28878033
-0.21194935,0.53579134,1.4837267,-0.93531793,-0.86283916,0.028730758,1.7181187,0.6643261,-0.010118758,1.0212023
-0.9738886,-1.8866881,-2.0306792,-1.6322644,-0.022173647,-1.762871,-2.041679,-1.8972201,-2.2399728,-0.1636183
