20250721_171729,1,submission_20250721_171729_001.csv,0.4615336604244562,0.6126069434062064,0.22796963010859733,0.6361527025688487,0.9347001863363709,0.036081006519860674,0.2656579258628562,0.56786848532321,0.29228595502697574,0.5187672700907762,0.5232464990008598
20250721_171845,2,submission_20250721_171845_002.csv,0.44907102657342934,0.362086141386578,0.30522783443285234,0.8211586302244325,0.25913283691203626,0.023475678109835564,0.2508825737687161,1.347061621408907,0.5204603483146755,0.4108171794649141,0.1904074217113466
20250721_172006,3,submission_20250721_172006_003.csv,0.5948435803804099,1.6955402961783332,0.15979205720743683,1.092769120408385,0.27504100866528153,0.019813642514095734,0.3835514161963657,0.7410256160973628,0.5049357627836377,0.474735216269595,0.6012316674836051
20250721_172128,4,submission_20250721_172128_004.csv,0.5795824060682844,0.3408770330916527,0.3289639588789289,0.5605648061998975,0.19363715209557178,0.0202528730966524,0.9905832649031122,0.8915807393630267,0.32453131543790364,1.7530334175462194,0.3917995000698806
20250721_172252,5,submission_20250721_172252_005.csv,0.519858416616642,0.3082435780732187,0.38351424093818487,0.4501231030130154,0.41489256679528075,0.03977224205639837,0.1786543829682908,0.45388966504878697,0.3063137524423352,2.3202456817595065,0.34293495307140104
20250721_172416,6,submission_20250721_172416_006.csv,0.450404517301107,0.30215229191758325,0.26169484072704885,0.486794576468544,0.8733892950184184,0.027756696632686026,0.3114903774961806,0.45686644255861003,0.35282932177937104,0.8783604068899655,0.5527109235226628
20250721_172542,7,submission_20250721_172542_007.csv,0.6516314194628238,0.7523451881017396,0.40003786559790044,0.6353286695356055,0.8843924423434538,0.033909234016249644,0.24773829269052178,0.5445798524985412,0.5522536834184186,1.910342040290554,0.5553869261352513
20250721_172705,8,submission_20250721_172705_008.csv,0.6369756135198863,0.6149777808484512,0.4816927944400989,0.33827109249254017,0.3646896741165185,0.02745963670482269,0.2783927700513652,0.3859411245264211,0.4464030505439194,2.6656910908174427,0.7662371206572824
20250721_172823,9,submission_20250721_172823_009.csv,0.44570103347180856,0.5745793895536684,0.16911977515380996,1.0274364387013002,0.1944111163364029,0.05533900607720931,0.2810021746043588,0.7604317666304807,0.40336128863078585,0.5579027858084359,0.43342659322163335
20250721_172940,10,submission_20250721_172940_010.csv,0.27007395615917845,0.25729636761630453,0.2823721715562805,0.31566919290360257,0.17832527994701597,0.009125952521679963,0.1770988479869576,0.308390319048214,0.3213483128539035,0.36847536213538246,0.48263775502244316
20250721_173057,11,submission_20250721_173057_011.csv,1.1554723351125225,5.952180596293764,0.34319869903448746,0.45515789767865955,0.6812528463772105,0.04639499837027063,0.3655155083387552,0.2514188706477392,0.46094712112559216,2.2642510142711156,0.734405798987626
20250721_173214,12,submission_20250721_173214_012.csv,0.4011138937701938,0.16145865107667765,0.48966617392311484,0.3110952902344888,0.6013700871750728,0.04456244376707612,0.31107946718506774,0.7538398409287197,0.3321245542274227,0.41550434054045793,0.59043808864384
20250721_173333,13,submission_20250721_173333_013.csv,0.5290964498612749,0.8297528959211298,0.18664377388204823,0.5021002028725693,0.9901968345011783,0.047974762748152294,0.6431107633670008,0.4895085057933515,0.622686006037886,0.6852978679552487,0.2936928855341831
20250721_173456,14,submission_20250721_173456_014.csv,0.4097146729180346,0.2384745531284338,0.3293186489068565,0.8512737610897367,0.3220401296956008,0.019264152236013826,0.7895966608254369,0.30586266186865296,0.5371122538602361,0.44361035056148757,0.26059355700788883
20250721_173619,15,submission_20250721_173619_015.csv,0.6529616639212271,0.918750002640327,0.19925704544742984,0.4128529430936828,0.8268598194362007,0.036004291870929954,0.23497936498183186,0.3829891631325766,0.795959783327971,2.4697315751775046,0.2522326501038159
20250721_173741,16,submission_20250721_173741_016.csv,1.0803060526649875,6.137190629024639,0.2630139802058821,0.8743316423436598,0.24176584372516707,0.03308694739925305,0.28027488530060213,0.8543788256528305,0.8047392834264099,0.6737570375356964,0.6405214520357423
20250721_173901,17,submission_20250721_173901_017.csv,0.5537756621492652,0.17109072978759166,0.23399614381472816,0.7712468733231381,0.8837881386775298,0.05797325762187693,0.7036423774974913,0.9354070440483392,0.74604246801852,0.35255684211756244,0.6820127465858742
20250721_174023,18,submission_20250721_174023_018.csv,0.38434786746204064,0.338283504816143,0.13763882526199744,0.6924170948369146,0.2767036671759448,0.03263464346370121,0.23059630618348415,0.36997159476319197,0.6290483463326351,0.8833620872926525,0.2528226044937415
20250721_174146,19,submission_20250721_174146_019.csv,0.5466838095597235,0.2146624458051447,0.23782715902123674,0.2714339879617449,0.2744718257773716,0.03885543695349173,0.38143944563060894,0.5501229077089623,0.5506649947356836,2.278457264147194,0.6689026278557952
20250721_174311,20,submission_20250721_174311_020.csv,0.4207769695431539,0.8906137038951394,0.3818600715319014,0.44354577780103555,0.2670679808775911,0.04187238447466315,0.3166667992128193,0.6346449233324736,0.4658383764633258,0.4552834615382191,0.3103762163043704
20250721_174436,21,submission_20250721_174436_021.csv,1.1351297157088802,4.959019286327612,0.49130138360360687,0.35570285245433086,0.3251893389619038,0.06492595190582891,0.22283925831936435,1.4983246195244888,0.6020286058531182,2.035257830424708,0.7967080297138379
20250721_174559,22,submission_20250721_174559_022.csv,0.36368696648702487,0.2281569904110267,0.21980681345697028,0.49720967557994183,0.38080572153137987,0.026835350413687564,0.17612777235662336,0.6360736849419797,0.4537401981766434,0.7098468287672793,0.30826662923471604
20250721_174722,23,submission_20250721_174722_023.csv,0.5749900875150059,0.19167286071989573,0.21774406918896055,0.8674021249248324,0.48927803070258385,0.026779514967601434,0.46937661045611917,0.5210654473979496,0.5323433620075876,1.8884582684487088,0.5457805863358193
20250721_174846,24,submission_20250721_174846_024.csv,0.43151475507321324,0.3835833626594851,0.39352459953110625,0.5407918329600053,0.3087738933645625,0.015081626181861516,0.278207691631104,0.5803957444980206,0.6078951283442586,0.865191764791345,0.3417019067703845
20250721_175005,25,submission_20250721_175005_025.csv,0.558645911882533,0.542943421093519,0.23757634409828896,1.6257620613759423,0.2730848812491711,0.03326221035748158,0.27237935431273863,1.0421639008809414,0.5032640417723426,0.5014267136716362,0.5545961900132703
20250721_175122,26,submission_20250721_175122_026.csv,0.39839631080003696,0.20875410786926596,0.43504269652897365,0.5246172082146282,0.2540461666352271,0.03219192295717302,0.4145807776422419,0.7280371192538556,0.756841229441771,0.3305850540802558,0.29926682537697685
20250721_175240,27,submission_20250721_175240_027.csv,0.3211517738040115,0.22029546590633214,0.23416401556432362,0.36069580089583103,0.36459284370200884,0.02087696149570716,0.2281598038794366,0.29555677113407053,0.6838243257790269,0.5869425304061656,0.21640921927721124
20250721_175358,28,submission_20250721_175358_028.csv,0.5556408783076405,0.27220796906376943,0.1891814804714118,0.44603493614837975,0.4594587824648459,0.05806989008247045,0.23342123845725116,0.41770099387979187,0.49657633429241704,2.4450868106465715,0.5386703475694951
20250721_175515,29,submission_20250721_175515_029.csv,0.45850064849221395,0.4455201778614969,0.3388933544050305,0.8575255125805851,0.21971477579020596,0.04617422066043704,0.300266727577402,0.9560644334606733,0.512993221882461,0.46833636733269624,0.4395176933711509
20250721_175632,30,submission_20250721_175632_030.csv,0.4499298147805616,0.19239544826335958,0.19274701038756653,0.8821170624010074,0.7865446342475519,0.030595934595179237,0.33814096471019167,0.3945059263571848,0.3421987939936436,0.4690285030987922,0.871023869751138
20250721_175749,31,submission_20250721_175749_031.csv,0.4459254750292302,0.33905880450776565,0.2978137358600902,0.4092373503929849,0.3075003749023436,0.06767317243408145,0.357681729926116,1.0182706091210445,0.8489079114704675,0.4835867787552493,0.32952428292215985
20250721_175905,32,submission_20250721_175905_032.csv,0.3285497561178228,0.17949857888144297,0.27645111742902295,0.4649533562936034,0.2175765965153162,0.021950800150772425,0.7247100327055708,0.3914199587259228,0.2814741828923145,0.4190632516963402,0.30839968588792127
20250721_180022,33,submission_20250721_180022_033.csv,0.3120101227438346,0.3184552550690636,0.22260815127612624,0.32928215261478405,0.22743490569276184,0.05382789590652815,0.19982994473167076,0.5426450008106936,0.34141787467439116,0.5566749531458649,0.3279250935164619
20250721_180139,34,submission_20250721_180139_034.csv,0.5723604259904459,0.16266641366579748,0.27603419678148505,0.487440719276494,0.4368157434667455,0.019283883706979147,0.2951917811258334,0.4460583643420313,0.9085092391106216,2.4825033116774233,0.2091006067510483
20250721_180256,35,submission_20250721_180256_035.csv,0.6677582700648711,2.894652890599176,0.3334158054335664,0.4155827496764523,0.30782806010962566,0.04119255038465108,0.24829172639729113,0.5814884595231614,0.7918685282589287,0.6567058421861884,0.4065560880796675
20250721_180413,36,submission_20250721_180413_036.csv,0.8722910761886695,5.117667313987425,0.4544786900450154,0.530524838200797,0.36142588868769304,0.026092270723602873,0.28576142309743807,0.6941803125076967,0.30288445435582045,0.40453143626836907,0.5453641340128356
20250721_180529,37,submission_20250721_180529_037.csv,0.4348942845110925,0.28896974797269437,0.16351656598899175,0.48730700801229504,0.7952690221003381,0.05018678998195565,0.6767719982412905,0.4218979898650646,0.4315435171055998,0.5743409041688827,0.45913930167381223
20250721_180646,38,submission_20250721_180646_038.csv,0.5138456591636223,0.2627464643947354,0.16244093739122065,0.4797705040348508,0.3577928962893857,0.03155564709090715,0.19049479340834005,0.35206417489063113,0.33308473613249134,2.6318469385003413,0.3366594995033209
20250721_180802,39,submission_20250721_180802_039.csv,0.9344734065500534,3.4988906887506044,0.22778824561188396,0.6675835646551002,0.26935623297124034,0.014085264460541981,1.0610933900913697,1.0787338460343006,0.5706731966452763,1.6593393212408825,0.29719031503933435
20250721_180920,40,submission_20250721_180920_040.csv,0.5524487843222353,0.3231740589184575,0.6271896162214113,0.7063637928955544,0.2463519089670819,0.04226116120133116,1.2166726314292717,0.6315523459738758,0.8345509794564555,0.5551782581868177,0.34119308997209474
20250721_181037,41,submission_20250721_181037_041.csv,0.4233167080279843,0.30273664903676917,0.2658728905615022,0.8686747467901881,0.5274077399025064,0.03319059746858215,0.2523667781579924,0.511250152971367,0.6556330954075149,0.5406280148217513,0.27540641516166997
20250721_181155,42,submission_20250721_181155_042.csv,0.6473518971341663,0.443240866893457,0.27168703755784074,0.7341625675026131,0.6395469794434637,0.04085926549636132,0.7225053450244019,1.005439843741972,0.3259212779239467,1.901182341329827,0.3889734464277778
20250721_181313,43,submission_20250721_181313_043.csv,0.4534094993044418,0.19365528397728388,0.2000443311697608,0.7814447226094511,0.1708822965472089,0.03182518816804555,1.0105320645604727,0.6022207473427059,0.5903389354150586,0.48333846731951524,0.4698129559349162
20250721_181431,44,submission_20250721_181431_044.csv,0.6205047509521593,0.8085737610121736,0.21900574725469465,0.7728938987929242,0.871804893230618,0.02628786961599605,0.28354068193644444,0.5854433833159979,0.5425898478098067,1.8397945479352105,0.2551128786177266
20250721_181548,45,submission_20250721_181548_045.csv,0.5042155256558105,0.8511389195672092,0.38494185443836576,0.5215404855821285,0.23762861582523176,0.02358977830796205,0.2641047812528212,1.2796853540668613,0.6633825792909548,0.496437047371877,0.3197058408546922
20250721_181705,46,submission_20250721_181705_046.csv,0.48070920697579833,0.21667379369954468,0.2760929710636454,0.6005568596397398,0.23111564587762737,0.038606213526146786,0.23238705899007195,0.8088241447979716,0.333206711612679,1.860191760556616,0.20943690999393966
20250721_181823,47,submission_20250721_181823_047.csv,0.4415218577979306,0.3478631667442194,0.18753829726041776,0.8925628266255191,0.42807758427583664,0.028474077090847646,0.29227403488159115,0.5022609862189411,0.6180697428857242,0.5381957720943992,0.5799020899018088
20250721_181940,48,submission_20250721_181940_048.csv,0.36350503329920364,0.3131253879689176,0.17695870542672132,0.4659288744319417,0.32447007499250274,0.018062093418618346,0.24561621279204246,0.6071954988587288,0.4248800530542076,0.4060194376347815,0.6527939944135746
20250721_182058,49,submission_20250721_182058_049.csv,0.340611315625567,0.25422298234587315,0.4060253765744805,0.30506889110908486,0.3548515001813135,0.033647727593867555,0.24855579919136223,0.6144642622943253,0.3740102403969846,0.4032728045415871,0.41199357202679093
20250721_182216,50,submission_20250721_182216_050.csv,0.4874660247773015,0.7015486920883797,0.2782878910490624,0.44543482983999133,0.8785315332677616,0.027263303342207924,0.197522998328317,0.7005571923066424,0.8232048556948154,0.4478498996540463,0.37445905220179154
20250721_182334,51,submission_20250721_182334_051.csv,0.43836105077376775,0.21093376431671246,0.36936093369466333,0.7298995756172778,0.27469132088478804,0.025329026796456783,0.31075527287061283,0.5741120925817547,0.86367594566362,0.5621971605965059,0.46265541471528626
20250721_182452,52,submission_20250721_182452_052.csv,0.6825278386466196,0.5953337057364085,0.20210594489695174,0.44646319480468377,0.24644154323230993,0.03553296338543127,0.2933988230631205,0.3933558610835658,0.535252566632946,3.0230698098342095,1.0543239737965673
20250721_182608,53,submission_20250721_182608_053.csv,0.3457482916413132,0.2637204539793942,0.2977651517258096,0.4222308070642129,0.1639523747279997,0.02979365803819738,0.6032473447143674,0.37585720860183336,0.458486777013548,0.5350720569447259,0.3073570836030433
20250721_182726,54,submission_20250721_182726_054.csv,0.4713494351596751,0.308880159643692,0.3082994137413109,1.0953902608118724,0.1658035401256019,0.02605257770492215,0.3029812991378683,0.8603075846642347,0.7743927447064334,0.5349588233373603,0.3364279477234532
20250721_182844,55,submission_20250721_182844_055.csv,0.46151086937329444,0.28947384242500124,0.22410828075799735,0.7972716993627396,0.6631108884832732,0.02000244485634427,0.2064969349803822,0.5123936957040226,0.8325828289534759,0.5588415781619392,0.5108265000477684
20250721_183000,56,submission_20250721_183000_056.csv,0.38748331237829053,0.7671599125117555,0.23790318786530587,0.7398344608202138,0.2369140625558042,0.03447762067868441,0.30046142736916404,0.3954331447044625,0.5421530149110292,0.38460574747907345,0.23589054488741215
20250721_183118,57,submission_20250721_183118_057.csv,0.5631177032448583,0.8096787011370027,0.15573700848051486,1.2859467614434594,0.19493171098566114,0.027097612759196837,0.25050744710070416,1.0432065700355238,0.8545878123484585,0.7320596999478356,0.2774237082102248
20250721_183236,58,submission_20250721_183236_058.csv,0.3845460864988772,0.5046257539860606,0.4246365587459335,0.47465877953532454,0.27196164910477344,0.02209927128037576,0.17391455904606995,0.3887750298132779,0.4387704256806407,0.3645199062569924,0.7814989315393239
20250721_183353,59,submission_20250721_183353_059.csv,0.43465268758682535,0.39045299685236645,0.2006993934734117,0.9442278683481545,0.21258270805510712,0.03516190946635806,0.25848983143222554,0.4930619774507675,0.4068294772449116,0.5477686370600225,0.8572520764849288
20250721_183510,60,submission_20250721_183510_060.csv,0.4709715668206357,0.34788417891291756,0.18307236629563448,0.7920624121238928,0.5118634111177759,0.021284669452598028,0.6416257437564076,0.29922458915641587,0.4866876137134223,0.8673343474840948,0.5586763361931982
20250721_183627,61,submission_20250721_183627_061.csv,0.40227976427037404,0.3376666667649775,0.19620867737591624,0.4327527290501119,0.3043690394929689,0.027084854501957432,0.20912443700614802,0.9799412769197912,0.7975723057235595,0.43580085976373484,0.30227679610457464
20250721_183745,62,submission_20250721_183745_062.csv,0.5650233046600017,0.24485450893382413,0.20847265794933048,0.8098761807745365,0.19369658117480817,0.04235556740815852,0.24521972950877585,0.4151863402338133,0.2924998402700678,2.55010447271896,0.6479671676277422
20250721_183903,63,submission_20250721_183903_063.csv,0.4760031065514325,0.27489269340252265,0.14970188307272964,1.1017165780478286,0.27243421219246516,0.022923705180211886,0.31286792916915873,0.7099505033445882,0.5811633732572321,0.7617187397130998,0.5726614481344903
20250721_184021,64,submission_20250721_184021_064.csv,0.6248012438372056,2.8834481484132635,0.3197345172124487,0.6079691107584356,0.3046591320008527,0.032421395758874205,0.2749506713267715,0.38781495374843844,0.5034115490042145,0.6649560177722769,0.26864694237648
20250721_184140,65,submission_20250721_184140_065.csv,0.4365830081738287,0.15694769557831537,0.5494462693607381,1.0971327450392274,0.28454403129793115,0.0174412265833884,0.2369951042435802,0.47332381250824723,0.5129666781112634,0.731087002485196,0.30594551653040086
20250721_184258,66,submission_20250721_184258_066.csv,0.5350964887267113,0.7420523828594456,0.33059707068593897,0.49492391517739903,0.2568804214124033,0.03876016022912523,0.30006679787829243,0.3918676561406994,0.3885238410052082,2.1819208269578025,0.22537181492079356
20250721_184415,67,submission_20250721_184415_067.csv,0.3831058558370276,0.48946467948126665,0.2784312987271677,0.3897613120936445,0.3591760170183035,0.02846819188389585,0.30213271683457366,0.34408935409458963,0.37314364843741876,0.6829499968945748,0.5834413429048405
20250721_184533,68,submission_20250721_184533_068.csv,0.3532263870412016,0.4665448536829943,0.165489744768443,0.49367412385749615,0.20990310552933017,0.06445511609197428,0.19759427867029777,0.39289140670618644,0.3467910409431421,0.9693868630745948,0.2255333370875579
20250721_184658,69,submission_20250721_184658_069.csv,0.8293445205005359,4.898131476822938,0.13587289143920855,0.6177874202331916,0.4544965574998855,0.04609963983969623,0.3809706526174508,0.5677718865893003,0.5352185048727067,0.4590247483103239,0.19807142678065712
20250721_184821,70,submission_20250721_184821_070.csv,0.33018767485196887,0.38236562655095496,0.29943302269979716,0.2893738962770593,0.26253501132973456,0.03489621281797419,0.2196244755499577,0.7936599092673278,0.40613816060680435,0.3591889823452395,0.2546614510748386
20250721_184944,71,submission_20250721_184944_071.csv,0.4982819198035375,0.20343006020428211,0.18348083065949367,0.5168917014521172,0.20363308626745436,0.03632710183489487,0.2949542746360765,0.583823139884194,0.4942660989805818,2.2377775012878547,0.22823540282842483
20250721_185111,72,submission_20250721_185111_072.csv,0.8111252500535253,5.0537182141041335,0.13662087649196109,0.41919212721171273,0.21472553571051983,0.027057425708035314,0.2729229540519908,0.36379891635164635,0.28964211078253344,0.913717043412404,0.4198572967103171
20250721_185235,73,submission_20250721_185235_073.csv,0.39315160155138157,0.5714307837960013,0.2103768097127479,0.398094764584516,0.25036229555406964,0.03040927640220459,0.6887167661098548,0.3797796062466114,0.47871385217961937,0.5891048168180126,0.3345270441101789
20250721_185356,74,submission_20250721_185356_074.csv,0.4274712343726554,0.2904082362623212,0.41266538643817907,0.8215800775010438,0.2702737698335177,0.025943663752881728,0.42904655684539733,0.6348107775161175,0.4294159294395893,0.6501159659677618,0.31045198016974596
20250721_185519,75,submission_20250721_185519_075.csv,0.34616359453735923,0.17758605641232816,0.39319568443008734,0.4147295321612399,0.4367728733211475,0.015908441535785994,0.22559498310836046,0.38492663426621504,0.566099362866218,0.46096833205026855,0.38585404522194255
20250721_185642,76,submission_20250721_185642_076.csv,0.30500037644164457,0.2164806995050684,0.2521700512446492,0.5294947937225728,0.20693932378820834,0.015668822676722,0.23933582973953058,0.4031049318603985,0.41853847022119,0.5364700963563571,0.23180074530174863
20250721_185803,77,submission_20250721_185803_077.csv,0.4488775169764355,0.6298174000480401,0.3066764581673524,0.9430569418165397,0.7377821424029608,0.035121387124304876,0.3648117909880989,0.39795478092735803,0.32541684060948356,0.3728547721832832,0.37528265549693246
20250721_185923,78,submission_20250721_185923_078.csv,0.4703666912844004,0.29780021432827913,0.2359575308693202,0.633313510630858,0.6838441672630473,0.060308790260604254,0.29229256473855364,0.7271540775078941,0.8362404595144413,0.6366861343997702,0.3000694633312353
20250721_190043,79,submission_20250721_190043_079.csv,0.6246909188686172,0.2208297973602032,0.21006247212753906,0.31933905232093396,0.2625989945509027,0.06427781804387156,0.29209977590608055,1.0496559431387755,0.64919335143716,2.8396167843077857,0.3392351994929208
20250721_190204,80,submission_20250721_190204_080.csv,0.8872456584942064,3.341311055614452,0.23783023120208546,0.46577004164776964,0.33193956669833624,0.05486504208587638,0.269533531916103,0.40022292088346795,0.5274292579370001,2.7080671638023857,0.535487773154592
20250721_190317,81,submission_20250721_190317_081.csv,0.2807919115943239,0.2885039416256,0.1587504662217564,0.30616004546204406,0.27929454977178225,0.02413802754691523,0.2830649255702847,0.33794250543864807,0.45769208893285074,0.4302756740431829,0.24209689133017356
20250721_190427,82,submission_20250721_190427_082.csv,0.45737551704437296,0.9627638492509283,0.44740286929953643,0.34549379116298673,0.6871911246318837,0.02905305399127044,0.23498955438750702,0.6121157677074529,0.5364823182209348,0.466539719070378,0.2517231227208526
20250721_190537,83,submission_20250721_190537_083.csv,0.41493804601075956,0.2902606735874525,0.2236026891187645,0.33665820747287156,0.3246184661545293,0.04182918200867657,0.26295838078004186,0.7673313072650662,0.44547196634913944,0.751365640168751,0.7052839472023021
20250721_190647,84,submission_20250721_190647_084.csv,0.4373204906959313,0.3234610720659664,0.25174899943765033,0.9482971218879218,0.4156976446205778,0.049932618992785144,0.23299954987738264,0.9955115475077088,0.5427749651386695,0.3483301867832965,0.26445120064735456
20250721_190811,85,submission_20250721_190811_085.csv,0.5697379592447193,0.21939873572945728,0.322099392741673,0.6699992903312648,0.5534228520463036,0.03671649111491297,0.2623155473198267,0.6533562309849011,0.3986945439742392,1.9235596117882932,0.6578168964163192
20250721_190929,86,submission_20250721_190929_086.csv,0.4131444646683854,0.18468068639940127,0.2671641282397743,0.5999921325699532,0.2557681925006687,0.025369879702273345,0.2813032749860295,0.47350392783721135,0.6401239151705256,0.5899471214329016,0.8135913878451132
20250721_191100,87,submission_20250721_191100_087.csv,0.37881826573120314,0.4161179888885499,0.26655260854059903,0.8678521494244577,0.4652483793821591,0.041346789732430916,0.3130441433480517,0.3409765611523396,0.5176388393309476,0.3046076181106507,0.2547975794018441
20250721_191223,88,submission_20250721_191223_088.csv,0.4827222974635131,0.4576787322886885,0.37278405143263826,0.8187435733899951,0.7447426057943222,0.032106274016268525,0.3633653625015908,0.7002682845037669,0.5018004079362407,0.4601165886031198,0.3756170941684987
20250721_191341,89,submission_20250721_191341_089.csv,0.5832463859131318,0.47575347619512165,0.21212117270798758,1.182682210658806,0.5788530059056871,0.029988842668738892,1.1433826421807936,0.7371523512074057,0.6782147013034298,0.46880595666595776,0.32550949963739273
20250721_191501,90,submission_20250721_191501_090.csv,0.6226390488345966,0.9624796782097127,0.2774777773575748,0.6778667395245549,0.21199168325941067,0.02835621184294167,0.17212164943736138,0.3946038878509485,0.6849464549260362,2.108920734584099,0.7076256713533258
20250721_191613,91,submission_20250721_191613_091.csv,0.45920323317897116,0.24571401308826135,0.24826186522766847,1.2691166919963968,0.6049360788085356,0.07519273091496922,0.23033949011919996,0.47138274649751716,0.42552316698386705,0.6881206802398327,0.3334448679134634
20250721_191721,92,submission_20250721_191721_092.csv,0.37405839640739247,0.3197899170683805,0.6422260788824796,0.33700382027086334,0.20544949742897786,0.03705405779560636,0.8911382272331401,0.4091306512124909,0.3366312633695091,0.3228622121860271,0.2392982386264489
20250721_191830,93,submission_20250721_191830_093.csv,0.40417048360314717,0.756317568527773,0.16601045763194017,0.48535407730506624,0.3081901331641374,0.05618517761369037,0.2900812290537543,0.5675114273124222,0.2934610502930786,0.752035766669822,0.36655794845978684
20250721_191939,94,submission_20250721_191939_094.csv,0.45473399867020825,0.39512375993862264,0.6147619016920394,0.8330291456942157,0.5767623375647255,0.02172228444019621,0.20882833761968328,0.48336694556058035,0.6581593233255622,0.5179225805799405,0.23766337028651535
20250721_192047,95,submission_20250721_192047_095.csv,0.5033990777717154,0.3516069116457443,0.30465242331364845,0.6420890272181637,0.6816400604943539,0.02066662540804879,0.26175927100951335,0.48492783046438875,0.7240357195854284,0.41770580647695854,1.1449071021009045
20250721_192157,96,submission_20250721_192157_096.csv,0.9778680897735222,4.879142033011152,0.174338169753068,0.815501085042838,0.32085857431318465,0.043677113160887744,0.206023410797378,0.5657296598981807,0.37533195384941964,2.017477919598164,0.3806009783109499
20250721_192312,97,submission_20250721_192312_097.csv,0.4298235463112393,0.4701607901365838,0.5021156721826471,0.4962917956936325,0.2691149957327127,0.028314577373089275,0.26539356281105936,0.2467019668645217,0.941194698302874,0.7704321237314403,0.30851528028383224
20250721_192427,98,submission_20250721_192427_098.csv,0.5055914426809697,1.4902579307032735,0.47600481318516413,0.6684154142157337,0.3302553150838714,0.02329981635242042,0.2904477302955408,0.5820891117550726,0.6136278073713867,0.35135008349943886,0.23016640434779226
20250721_192537,99,submission_20250721_192537_099.csv,0.667977628026749,3.004308702002719,0.3266570404470874,0.8204323186622985,0.23335839212274462,0.032797077339449136,0.19992878122117652,0.4034455495178213,0.744371402904643,0.6721554049732922,0.24232161107625663
20250721_192645,100,submission_20250721_192645_100.csv,1.2204888911960363,7.155458506508237,0.3111478313868065,0.6048382942326805,0.20420718779530544,0.027355571827600976,0.24649978523342958,0.4977034042334863,0.8772296197238199,1.9794767083445806,0.3009720026744085
20250721_192753,101,submission_20250721_192753_101.csv,0.3586099253041403,0.6220770129945106,0.19242126557969633,0.5218934150699998,0.3996573070283898,0.02864401413672528,0.2803495147561528,0.4656500630489199,0.2737172714709808,0.4049977391199354,0.3966916498360936
20250721_192902,102,submission_20250721_192902_102.csv,0.7644594463778209,4.294894335875209,0.21469717749011685,0.3928154301692169,0.646264538771044,0.021485781778188356,0.2395675194681085,0.6375032358442371,0.4583661766136381,0.4373649016301899,0.3016353661382596
20250721_193012,103,submission_20250721_193012_103.csv,0.31515406600735324,0.2552318642335724,0.27898281147949655,0.3824132721218028,0.3008000831646301,0.026121625473886422,0.27469352449133266,0.39177684735367707,0.47024864948929085,0.31016208927337385,0.4611098929924698
20250721_193124,104,submission_20250721_193124_104.csv,0.6958878327881669,0.35872853741033717,0.22562101904151927,0.6501702525979945,0.6914421596735706,0.030554118353041063,0.33933417761587575,1.3296418463579582,0.5254256755516176,2.255030583591216,0.552929957688538
20250721_193236,105,submission_20250721_193236_105.csv,0.5213049763745412,0.5868803753489042,0.2837301192258011,1.1001903505794253,0.8654884620172415,0.03637128069934065,0.2530405932443469,0.506930876422851,0.6145463396805564,0.7287912458532803,0.23708012067366346
20250721_193348,106,submission_20250721_193348_106.csv,0.8693981813645335,2.9605458670187543,0.20348698154344277,0.45838950972286713,0.9398822494580736,0.038483572417764185,0.2448290060920736,0.3613853381895707,0.6108680260169543,2.3509860913796747,0.5251251718061615
20250721_193501,107,submission_20250721_193501_107.csv,0.4939911932096499,0.20657136890949956,0.1676343728370011,0.4710485474166616,0.16071959905686298,0.025641004930278946,0.31826545623777297,0.3924837824987668,0.4915551811151863,2.2375957769876127,0.46839684210685645
20250721_193614,108,submission_20250721_193614_108.csv,0.3878929277132702,0.2544090415284504,0.318260010710328,0.4760906880425048,0.26115401986669473,0.05700748085549989,0.25140370036674525,0.828631541902545,0.5191273862368372,0.5806849583477074,0.3321604492753913
20250721_193728,109,submission_20250721_193728_109.csv,0.39292407522722766,0.29744078326092344,0.3185146086422969,0.4181341646690243,0.2947155385074817,0.02288520665894203,0.7258811054555899,0.39988888961269803,0.5516921603917558,0.28152343750608205,0.618564857567482
20250721_193841,110,submission_20250721_193841_110.csv,0.510204736544612,0.6399110038838146,0.2309482000760584,0.9239739973705349,1.0669014407466353,0.02180507197615852,0.3723421169502138,0.5183181828035327,0.7089468342992805,0.35042423736279643,0.2684762799770944
20250721_193954,111,submission_20250721_193954_111.csv,0.415171522363975,0.2521552013132479,0.48167647730460755,0.7065870522350116,0.4694101300193752,0.017835372103628632,0.25924404961472713,0.4082789810404992,0.4078548168566742,0.44982022927484194,0.6988529138771358
20250721_194108,112,submission_20250721_194108_112.csv,0.9047962489431182,1.5621571741616258,0.25922542860719866,1.2183307696321242,0.7671765840960321,0.030990519782938146,1.0064532054019697,1.0523676018122752,0.28911295717672947,2.415928571271769,0.44621967748852176
20250721_194221,113,submission_20250721_194221_113.csv,0.5927562277374145,0.37677471832100695,0.5925255685011694,0.9986426744676095,0.33052296817605664,0.01910589230603292,0.2719965057492342,0.9627793773836238,0.3670513266184916,1.7435918052211448,0.26457144062977556
20250721_194335,114,submission_20250721_194335_114.csv,0.6449679780256445,0.23215878594709793,0.19078715697332865,0.7854650269509748,0.29468214884243,0.03760776106448958,1.2173036570470535,1.1352351871973163,0.6218964192732477,1.5899679929888737,0.3445756439716328
20250721_194451,115,submission_20250721_194451_115.csv,0.5945635313656632,0.35813607053373614,0.17654126322704183,0.7603175490142067,0.57628020693596,0.04534635380095218,0.22226168005400979,0.5233347330797211,0.636322154451143,2.422608643731179,0.2244866588286825
20250721_194608,116,submission_20250721_194608_116.csv,0.3860525474609919,0.5372720093336534,0.3904700867829851,0.7959630160716809,0.2827552971847772,0.04706737464023973,0.21447725327227565,0.6705041214765521,0.3322387541371099,0.32655133917761875,0.2632262225330255
20250721_194723,117,submission_20250721_194723_117.csv,0.37139161874557675,0.24052349407410722,0.4137181749541512,0.472681321872638,0.4225110780182839,0.055749390332733136,0.2066831853945591,0.5927255382977867,0.35327810637696144,0.610385252332916,0.34566064580163103
20250721_194837,118,submission_20250721_194837_118.csv,0.3466986847035134,0.23627681437322864,0.2922864661164192,0.35741788129865987,0.29094884042387187,0.020369407530787278,0.31233994874734344,0.4389320433691941,0.6916126656773705,0.6104941345543583,0.21630864494389995
20250721_194951,119,submission_20250721_194951_119.csv,0.40336661950033276,0.38111364881750925,0.4964744049691987,0.4248314799770972,0.40794922945213935,0.028700442308603486,0.2781926577496874,1.0070869376043912,0.3979187534991896,0.42185571285350926,0.18954292777200168
20250721_195104,120,submission_20250721_195104_120.csv,0.7235301779234324,3.34884569275759,0.306248187413833,0.4631987104395009,1.012036791873897,0.0428814151188453,0.2604988171242683,0.3022198650268189,0.44859366713726273,0.3609597332829733,0.689818899059334
20250721_195217,121,submission_20250721_195217_121.csv,0.5309876492602617,0.6327124802494155,0.21868522432694348,0.657624941482529,0.7676235508381848,0.034845591616272875,0.30903285708183814,0.3051701455707419,0.41730225177249247,1.4032732832173864,0.563606166446811
20250721_195331,122,submission_20250721_195331_122.csv,0.49275939746915665,0.17918125528671836,0.22056993024871305,0.6001291477257195,0.27360595366053486,0.030036606304631876,0.23108700822226377,0.47608985556642514,0.5048424844604271,1.9232656241667738,0.48878610904935826
20250721_195445,123,submission_20250721_195445_123.csv,0.39060359196888444,0.21675219134064316,0.6347206823305135,0.37602710236832265,0.23735704843522826,0.022416286987024067,0.28326001440730825,0.3171922655015111,0.8877758762419313,0.5265683326756231,0.4039661194007391
20250721_195602,124,submission_20250721_195602_124.csv,1.0723775634419723,6.068682230143805,0.18999041982313178,0.33210918491476366,0.22774836942403504,0.014381846255630942,0.26383593151544327,0.41988099001390666,0.46786471532082047,2.1888692655682163,0.5504126814399706
20250721_195717,125,submission_20250721_195717_125.csv,0.48947849262947624,0.579220590972011,0.13193329321492123,1.1873459566090154,0.3381179566986844,0.023835760120362145,0.3147797198278104,1.1085138082526176,0.6662202040671613,0.30122588488432905,0.24359175164785035
20250721_195831,126,submission_20250721_195831_126.csv,0.3934236463102566,0.6725192537813502,0.2318930708173454,0.398786819314075,0.16278890879927801,0.03806251553326204,0.2503063954563248,0.6529398933130994,0.6356354542592471,0.6809427023112327,0.21036144951735128
20250721_195952,127,submission_20250721_195952_127.csv,0.666179996458938,0.9356360336148338,0.342727144395393,1.1511968587761863,0.8236633849634782,0.05562185124613102,0.6806735025891619,0.706456743799867,0.6623633550540481,0.7047704856861674,0.5986906044641164
20250721_200110,128,submission_20250721_200110_128.csv,0.3758420107918543,0.3697220189230832,0.21342928255705235,0.5108278314453873,0.1922002602729842,0.035590454196624835,0.23793043690685026,0.7831318489997193,0.3003746748542098,0.4327470580227215,0.6824662417399098
20250721_200230,129,submission_20250721_200230_129.csv,0.6231008273004137,0.3829929994674183,0.28016620975018935,0.6165464044836736,0.46906499172887095,0.04473622048213196,0.2999275017486267,0.38582808450776723,0.7194661139227188,2.6183104471343785,0.41396929977836067
20250721_200347,130,submission_20250721_200347_130.csv,0.6510499659511012,0.3044326775153013,0.20091988193565252,0.4385066252021928,0.7610020413558755,0.03973637997822181,0.9650237682449534,0.6904732426721044,0.4944575314539978,2.3421236837400308,0.27382382741268296
20250721_200502,131,submission_20250721_200502_131.csv,0.46385059077745067,0.9448155344091529,0.15714566060588753,0.3855086894181977,0.7572622336618461,0.027195837857964634,0.8752308996821487,0.31597720585317024,0.3866980449355205,0.4908600169987182,0.2978117843518989
20250721_200616,132,submission_20250721_200616_132.csv,0.4528436485403696,0.26046573037977483,0.3354904922783989,1.05123113242044,0.4812680859091485,0.01676609815765042,0.19563145376603103,0.4361663134200041,0.9913108283156599,0.5471973148701563,0.21290903588643034
20250721_200730,133,submission_20250721_200730_133.csv,0.3503854820535486,0.24727799687133206,0.23966284327357343,0.3845355023392168,0.2730845878340605,0.03428573387180548,0.44062816743716127,0.286267866459876,0.5930791208604544,0.7209688834824368,0.28406411810556803
20250721_200843,134,submission_20250721_200843_134.csv,0.43016152012138614,0.5098772151156495,0.19912029678720233,0.6914217239974337,0.6118272157665178,0.02582658646431403,0.32810685138421775,0.5575173548877619,0.5885048651980702,0.531730242484479,0.2576828491282155
20250721_200959,135,submission_20250721_200959_135.csv,0.794188637953843,4.26476707070715,0.5205928491572412,0.5446142726468804,0.4221626344428075,0.03537350419808453,0.4338575729937728,0.39939025524071153,0.31462784729403276,0.43862408673298453,0.5678762861247629
20250721_201114,136,submission_20250721_201114_136.csv,0.29800779441153435,0.2762937912593826,0.18431836140420066,0.3167156664054727,0.25966188853552497,0.03565637356162427,0.24264085972330507,0.26228025303742364,0.34425936848715954,0.6392701730676212,0.4189812086336284
20250721_201228,137,submission_20250721_201228_137.csv,0.37003380458579677,0.17918060244646442,0.19132381468935292,1.0162741579838208,0.2914047380309804,0.019471664645005306,0.166975491784054,0.37144193610490817,0.4091574228016328,0.33826676316254073,0.7168414542092073
20250721_201347,138,submission_20250721_201347_138.csv,0.42457889311981817,0.25051099234788693,0.35830664332594103,1.0206241641908371,0.27294440777366413,0.044620586655359194,0.24118266910623493,0.44513191700516613,0.8399319924872287,0.36488421035736607,0.4076513479484975
20250721_201504,139,submission_20250721_201504_139.csv,1.2249713229057246,5.906818326472972,0.2962343820530247,0.731807899278003,0.8736252939623403,0.022195799564436465,0.2668067850320731,0.8875207026335853,0.7067465358811549,1.8816344382346637,0.6763230659449992
20250721_201624,140,submission_20250721_201624_140.csv,0.571788163402325,1.0045288203326406,0.29291275117163634,0.34630989663068734,0.8112190428106879,0.021499385757317187,0.28908217942132713,0.4847625024958196,0.4736479070230439,1.6811600265468762,0.3127591218332125
20250721_201742,141,submission_20250721_201742_141.csv,0.5020059817972342,0.45975224384108815,0.4176852918906366,1.2362471911120765,0.32062234302412795,0.03370043459154183,0.23431330129180594,1.1387765252868751,0.4626078212332183,0.34920317139042434,0.3671514943105468
20250721_201902,142,submission_20250721_201902_142.csv,0.5631292551227192,0.27531336161169423,0.21235727458535458,0.9171804307530306,0.2853074997069488,0.023187571707817288,0.21665946317282553,0.39476653614833196,0.5274371260019646,2.131131466520506,0.6479518210187156
20250721_202021,143,submission_20250721_202021_143.csv,0.4414213810071727,0.24022945235386467,0.48963792654184746,0.6955817757527919,0.4195147951696441,0.04099492890495235,0.2524194427474077,0.9009878153830485,0.38687368200049815,0.5868727116512809,0.40110127956638975
20250721_202141,144,submission_20250721_202141_144.csv,0.6666547187185222,0.6686200805078784,0.5716821818335605,0.41906947647008963,0.4567069949836252,0.036652563103614415,0.22960209914071097,0.9736783084792374,0.37411087504817103,2.4507986300254707,0.48562597759286524
20250721_202302,145,submission_20250721_202302_145.csv,0.44069638790992033,0.2354159215620958,0.18346379375298205,1.103775753012303,0.2978029880518279,0.032508977215581485,0.20228601243230673,0.3556591672246426,0.6862976960024083,0.420570268816678,0.8891833010283767
20250721_202417,146,submission_20250721_202417_146.csv,0.4980426202690403,0.41947959189918554,0.1951186560715827,0.49041698092544644,0.2241217006092502,0.02549991428452286,0.7391590225804223,0.6781376479141169,0.7519727893265198,0.7628892137186787,0.6936306853606787
20250721_202531,147,submission_20250721_202531_147.csv,0.6991980096182494,3.312564843951966,0.26010858048041696,0.35808120661995235,0.3011050356250301,0.0344270189835969,0.23325875594920006,0.7578671980918683,0.5768258902868983,0.5999819966807937,0.55775956951277
20250721_202644,148,submission_20250721_202644_148.csv,0.5370220974028811,0.1649917935979581,0.26473371262643264,0.9403734424225312,0.2602117346711044,0.020714640137170073,0.3761226268924077,0.6687888895487336,0.5660500696123875,1.8642949562247195,0.24393910829536453
20250721_202758,149,submission_20250721_202758_149.csv,0.3948781716475217,0.19488078855366261,0.35204457399587347,1.0591318161982732,0.3019468067302775,0.0530501964573739,0.3159194990655598,0.5762642684548042,0.4430550576962269,0.3284471344351712,0.3240415748879925
20250721_202913,150,submission_20250721_202913_150.csv,0.7565698523374819,0.2515993291138473,0.23011105717315394,1.7494671283589696,0.7020064476208335,0.026360244450024172,0.18866979456002578,1.0386672188648212,0.7079242920658162,2.293029043487363,0.37786396767996644
20250721_203027,151,submission_20250721_203027_151.csv,0.3305073138184491,0.2775472207272232,0.22379467690587748,0.27568284776122065,0.4269259424588389,0.03553145446534095,0.3153451866554306,0.3127847658383223,0.4451458452094148,0.7294645819714924,0.262850616191329
20250721_203145,152,submission_20250721_203145_152.csv,0.47448090389606234,0.6031577629306295,0.21441077250814328,0.8154571378339444,0.2128197007267707,0.024947614227803106,0.27061778314355484,0.9897312295281853,0.6233086802660718,0.576352084214438,0.41400627358108216
20250721_203301,153,submission_20250721_203301_153.csv,0.4336344170886973,0.37468842900434995,0.3399351577789983,0.9071136816300762,0.24876760295971245,0.019418679666778373,0.2338004333926934,0.4377535644615438,0.633874924708335,0.7300948780646743,0.41089681921981197
20250721_203415,154,submission_20250721_203415_154.csv,0.33832923817258836,0.36489115621157425,0.26448563748491866,0.3649305359640938,0.33642022264652627,0.03490880652974029,0.3654003318678462,0.759366663899672,0.3084223010505135,0.3760911544226167,0.20837557164838244
20250721_203531,155,submission_20250721_203531_155.csv,0.3357671481160295,0.34101075784707985,0.26365492684292385,0.4372857611459283,0.31317984203767885,0.045656251942757214,0.29527455218325566,0.32811449178029334,0.3331614378541078,0.5576499173109406,0.44268354221533046
20250721_203645,156,submission_20250721_203645_156.csv,0.43235781662097095,0.42983166015555996,0.3812214636864199,0.8274894805035956,0.41577614461288526,0.031752840556278715,0.30726027051317745,0.6585592238054139,0.6479980954981308,0.4196117190344325,0.2040772678438147
20250721_203759,157,submission_20250721_203759_157.csv,0.4037820858547403,0.6797356455979761,0.33975290829008964,0.6501752606827484,0.2001133294773486,0.027364858624607552,0.27208688426209227,0.5285673097755165,0.39324006829609653,0.7383916427588761,0.20839295078205106
20250721_203912,158,submission_20250721_203912_158.csv,0.5569670921474331,0.24374776802681403,0.3521458889890335,0.5572631161374746,0.17491270983703694,0.04824924629327681,0.3523470056142659,1.5613214229740793,1.1157608528903544,0.6534282687131909,0.5104946419988029
20250721_204025,159,submission_20250721_204025_159.csv,0.4508618226336879,0.25565406764009757,0.32016060579610384,0.8934180812364545,0.45965359145009715,0.051058819631586295,0.34024435384989365,0.6612992077201438,0.7937553955938406,0.30054253333609177,0.43283157008257106
20250721_204139,160,submission_20250721_204139_160.csv,0.3428766018424885,0.38104146982360687,0.21036473297407154,0.5985750352021852,0.1822335479935018,0.02575268043681809,0.30608441070898074,0.5355640270539853,0.3539673312115245,0.40649788505587225,0.42868489796433834
20250721_204252,161,submission_20250721_204252_161.csv,0.4451551214133406,0.4117469903160667,0.30068438547169885,0.5090803135095929,0.6932190030298102,0.0383997491577912,0.1856119625360378,0.9647805676410357,0.3490832618583754,0.522348006486064,0.4765969741269334
20250721_204406,162,submission_20250721_204406_162.csv,0.746347975417639,2.105212160967389,0.3418239400552001,1.9184175845687053,0.25626889383670076,0.028920930955215845,0.2616747608202421,0.4787887388521634,0.6216484123260416,0.6896311207618396,0.7610932110328897
20250721_204519,163,submission_20250721_204519_163.csv,0.5213693436943025,0.3365957037545557,0.19107241554672905,1.2848093576019943,0.4437599877972995,0.030055254040876403,0.8206785364872341,0.4737342802933948,0.6982223615529521,0.7241855106675747,0.21058002920041433
20250721_204632,164,submission_20250721_204632_164.csv,0.3258265443700791,0.2594137930955411,0.3466740174623723,0.533019243860202,0.30048124756142214,0.04810554740040294,0.31523179212320196,0.4106705483049081,0.329109754876416,0.5148382009698345,0.2007212980464903
20250721_204745,165,submission_20250721_204745_165.csv,0.4408850935288817,0.29137678016504737,0.74839313878111,0.688389653798783,0.24313838314240274,0.020983565185171905,0.2946372632172015,1.095524403707652,0.32150735804103375,0.35128287015985876,0.35361751909055494
20250721_204857,166,submission_20250721_204857_166.csv,0.41256205047843164,0.21970760720007346,0.2805318219543223,1.4398218858428606,0.2332522418201802,0.05201006794456676,0.22084688138590977,0.43230987922056513,0.2410129830490515,0.48475860905800466,0.5213685273087811
20250721_205011,167,submission_20250721_205011_167.csv,0.3462891933677792,0.3079328498844166,0.2121770120635806,0.4544619578016237,0.23655503411257628,0.011877777264110665,0.26602200953225524,0.4820096193390798,0.37337236680881886,0.9330581560321852,0.18542515083914576
20250721_205124,168,submission_20250721_205124_168.csv,0.9098167860551973,2.955260511347282,0.42822529710536017,0.49264107614889446,0.6816105549318814,0.040515774185943494,0.2753114539975856,1.6533035946026688,0.8524512613514545,1.3078000791520368,0.41104825772886344
20250721_205237,169,submission_20250721_205237_169.csv,0.36628286941069965,0.19700111897993977,0.29868312579172474,0.5619465595259722,0.25439261203306696,0.028187482539752815,0.2749293985978772,0.6062845622193623,0.6139142886480579,0.5849768083608831,0.24251273741036017
20250721_205350,170,submission_20250721_205350_170.csv,0.4524216773858659,0.42528058318239687,0.32459554246899136,0.356475948827583,0.25682859859832946,0.030817406346960504,0.7267799118492824,0.356475226827108,0.7627926221458847,0.5901972105549413,0.6939737230571823
20250721_205503,171,submission_20250721_205503_171.csv,0.693984714567012,0.18824468904866387,0.4899159722034944,0.7569347578056909,0.6801819725286122,0.05483979538785267,0.7922460869017383,0.9046854766177824,0.4749313117783962,2.3188106128116726,0.2790564705862157
20250721_205616,172,submission_20250721_205616_172.csv,0.4732078883087779,0.27514548798644717,0.13175422694137104,0.9733913086861483,0.8802796784288381,0.02284462827234221,0.8923534379968872,0.3947355231536903,0.4725036931867941,0.43047978193598735,0.2585911164992731
20250721_205737,173,submission_20250721_205737_173.csv,0.31091630064285536,0.237613851895808,0.22140635851715654,0.5706256853071963,0.24605694937218903,0.04519144660408299,0.1933154457204423,0.49481312812407524,0.41431206891789707,0.35831764167820856,0.3275104302914984
20250721_210134,174,submission_20250721_210134_174.csv,0.36682791032201056,0.23601044442096536,0.23177253135525827,0.7970527868113018,0.23995158690901783,0.016086257949056,0.2934025114496525,0.2854014920524872,0.5885034675301659,0.6283749931861664,0.35172303155603496
20250721_210244,175,submission_20250721_210244_175.csv,0.3882249227077807,0.22477768273221557,0.218873415143428,0.7855883400991693,0.20639642637205732,0.03404031227473932,0.24343252019882855,0.7430276821989559,0.35962177364653314,0.4192666388228064,0.6472244355890742
20250721_210354,176,submission_20250721_210354_176.csv,0.4625891650458459,0.40452143190261686,0.21360634545871385,1.3293174953990257,0.7129001260983381,0.018669127890201094,0.23953185125922843,0.4033855769601689,0.6166169187473033,0.3660562769866648,0.3212864997561998
20250721_210505,177,submission_20250721_210505_177.csv,0.3671252750871741,0.7271678114549934,0.2877320530656306,0.3588772886472393,0.1952669286053195,0.030331248338968574,0.240687846104777,0.2937314912527366,0.816075621459212,0.4943438096914133,0.22703865225144995
20250721_210618,178,submission_20250721_210618_178.csv,0.37980266661136575,0.24209466570238697,0.3149136677098933,0.8133770466207797,0.24991027529656593,0.020678198169555132,0.22007884158276123,0.6236533952319114,0.38681614838121836,0.7189093388984088,0.20759508852017738
20250721_210733,179,submission_20250721_210733_179.csv,0.4459476759207016,0.6698225055109959,0.2659743476716247,0.4510002920831526,0.6205067952168984,0.03346870857729027,0.8983272690872465,0.3239825167559283,0.4519010855043759,0.4372241046657452,0.30726913413375717
20250721_210846,180,submission_20250721_210846_180.csv,0.41688362566445714,0.2938244384777134,0.20750455929898365,0.6068011629992957,0.22890272639681306,0.02618060257810267,0.19841028326937682,1.3904119557092895,0.5481960503127213,0.29568374817999926,0.3729207294222768
20250721_211001,181,submission_20250721_211001_181.csv,0.9060981494854167,4.961717910437546,0.14505135990080972,0.9303614665576796,0.4106046265372009,0.024230208165068663,0.27699847222973517,0.5383573347089564,0.34117109716642746,0.707577948534466,0.7249110706162765
20250721_211116,182,submission_20250721_211116_182.csv,0.435680486775777,0.34031745315696843,0.495029893116742,0.4953301138718992,0.646540282013809,0.045974835433088564,0.6042529640469028,0.3801776258685332,0.2960942797178049,0.623759837856567,0.42932758267545723
20250721_211231,183,submission_20250721_211231_183.csv,0.383720619457329,0.4065411336612449,0.25125857581921907,0.3651202926446956,0.2092947226524024,0.03767437940787409,0.2910554282405652,0.4015920303478333,0.832885249263569,0.47894663392177,0.5628377486141184
20250721_211346,184,submission_20250721_211346_184.csv,0.684079556668727,3.2073153786501365,0.4095928908094982,0.6685071949034121,0.19386273431013595,0.01774514331533485,0.2875814146639169,0.42167663922770793,0.46694169873415986,0.6054545254099754,0.5621179466629946
20250721_211501,185,submission_20250721_211501_185.csv,0.4667810964204784,0.5612907199341759,0.26709242018016605,0.5158996179151589,0.2515027028288806,0.049332708017550825,0.8150598669084289,0.477713934790873,0.4683531780715819,0.8104850150791788,0.45108080047878935
20250721_211617,186,submission_20250721_211617_186.csv,0.7897065929854197,3.0904208311230867,0.409899937081935,0.9203807155675794,0.9120244888050718,0.02006279375150402,0.6931570535382459,0.4456657196004943,0.28432782660402167,0.6332000965783391,0.4879264672039186
20250721_211734,187,submission_20250721_211734_187.csv,0.9887869346476041,6.089647715262276,0.5448584080975016,0.4808205925095115,0.40761996568249276,0.03734080234821647,0.18131816943751297,0.6172752048977305,0.7221244469731587,0.4661942686645378,0.3406697726030938
20250721_211850,188,submission_20250721_211850_188.csv,0.3442939174269778,0.2166451921795754,0.14113410730762285,0.5330762621625736,0.23568367835729845,0.03460116046088463,0.3075572674925571,0.5296395194374043,0.49535356306530626,0.5855801396038769,0.3636682842026785
20250721_212005,189,submission_20250721_212005_189.csv,0.5623695406683848,0.5233133802754697,0.4119495312085491,1.0788679156345768,0.7176748447812961,0.0397935813834635,0.6206977714773333,0.40802993923868836,0.8900086927664848,0.4384658632222473,0.4948938866957387
20250721_212121,190,submission_20250721_212121_190.csv,0.5016078736535604,0.44132076748632015,0.24636583069179352,1.2730975670355746,0.6826001014998448,0.039237221277212644,0.3417089281529455,0.554448517840134,0.32755795402777255,0.7498419028324456,0.3598999456915596
20250721_212237,191,submission_20250721_212237_191.csv,0.3473335163250507,0.25600233726289917,0.2510529841042244,0.4715127470376247,0.17671364114620233,0.03716339899100652,0.26767074448195793,0.36958130643541,0.46161569798955016,0.591126385290756,0.5908959205108766
20250721_212353,192,submission_20250721_212353_192.csv,1.157500602021389,4.665687091879405,0.3597331066760948,1.4074661302143594,0.2570479478229027,0.052725232786510236,1.0770984912210906,0.994931203550211,0.5196091534285536,1.7573275497560061,0.48338011287875665
20250721_212510,193,submission_20250721_212510_193.csv,0.47741083675128915,0.14841585330798115,0.31989601619417507,0.33962081566444874,0.2105544418942601,0.04047731922631674,0.26528738531602974,0.3176821644066377,0.6936149468295699,2.0229508211480605,0.4156086035254101
20250721_212627,194,submission_20250721_212627_194.csv,0.3880623340436006,0.2774113114439028,0.12476425534751565,0.36897273118313706,0.9376260112486346,0.030269251465415294,0.24287519801259486,0.39637594013847854,0.45786904082280655,0.7604798429650981,0.2839797578084219
20250721_212745,195,submission_20250721_212745_195.csv,0.6410459210568216,2.615768797230902,0.2546981372252996,0.5430445358386625,0.7441392724119776,0.08635717000568732,0.3662095318668756,0.5848243683035566,0.4327854364663526,0.4829589654523259,0.299672995766576
20250721_212902,196,submission_20250721_212902_196.csv,0.598788388194495,0.16497860397896827,0.2933332113250334,0.41809213598210704,0.39737130426034456,0.03492500455473119,0.4247601457941058,0.9245107226945858,0.7913208864903112,1.9543352588467209,0.5842566080180412
20250721_213020,197,submission_20250721_213020_197.csv,0.31413566934673776,0.39031346841377995,0.2603634193444166,0.2726929531804577,0.29292265241374643,0.02969376580428971,0.25165217395265893,0.23413111775486875,0.493615445810094,0.6856344913365056,0.2303372054565612
20250721_213138,198,submission_20250721_213138_198.csv,0.7419459989142493,2.5407596344856707,0.49348360902517313,1.1353934128019396,0.8835676053992527,0.05851918301404629,0.3061249590835775,0.6370081736993382,0.3794327556816573,0.43272036489961574,0.5524502910522202
20250721_213253,199,submission_20250721_213253_199.csv,0.947714420146835,3.3710684339795964,0.501731049798337,0.916386679494478,0.36278823898872103,0.049327826373194605,0.2890522689666916,0.5725066219556175,0.29397082755203496,2.910772525849459,0.20953972851021974
20250721_213409,200,submission_20250721_213409_200.csv,0.5699457424419921,0.2436819764328958,0.20298987687276399,0.49536540269930707,0.24474334108469595,0.05733971947057768,0.6414478490376961,0.420229128306908,0.668515627871974,2.42886665591529,0.29627784672781243
20250721_213525,201,submission_20250721_213525_201.csv,0.41088304851268076,0.5773683592538673,0.23830242433753324,0.6432209341998315,0.3425960373782373,0.04658873120791409,0.26049337736054246,0.4004010764038198,0.6440207760737825,0.4836693860847932,0.47216938282648696
20250721_213641,202,submission_20250721_213641_202.csv,0.38073730610550605,0.23020427826870538,0.3846818106422126,0.5355378117451653,0.2723537949833619,0.029409381116381174,0.22447319193479714,0.7072274018202322,0.6224461477107058,0.420366397661531,0.380672845171967
20250721_213756,203,submission_20250721_213756_203.csv,0.4869742557336515,0.4470435786183347,0.2860491387114891,1.1672545180014082,0.36379565451058715,0.021078041077728493,0.3630760368081169,0.7900676746827131,0.3011729955947752,0.490296975935335,0.6399079433960284
20250721_213912,204,submission_20250721_213912_204.csv,1.0833839856210286,4.269981123933665,0.3108201617093034,0.5137840884476178,0.29676881262394295,0.05497341289570911,0.7947077407324861,0.9932874813114215,0.5601326434954617,2.567054964140939,0.47232942691974117
20250721_214027,205,submission_20250721_214027_205.csv,0.36366272270257405,0.22895133670178835,0.3501295231737995,0.986078785804058,0.1707226569027106,0.046713733485311944,0.21385260160469285,0.3839062122091343,0.2947694835923576,0.3642408739590708,0.5972620195928166
20250721_214143,206,submission_20250721_214143_206.csv,0.4977269200558398,0.16842508407752313,0.44843382659013925,1.3969318968798676,0.1682983840262377,0.02269748553440113,0.24418555890682395,0.6335016334208586,0.35512615743971454,0.483704963750675,1.0559642099321587
20250721_214258,207,submission_20250721_214258_207.csv,0.7488758053607937,2.9746410037671756,0.3881781382052037,1.295124866107089,0.4168605818846157,0.04263059695151464,0.2511789614672265,0.4820599351862123,0.6465603582455043,0.7080709907415534,0.28345262105183927
20250721_214413,208,submission_20250721_214413_208.csv,0.6683190587265144,0.5752558020300544,0.2866555661762265,0.3544145763789875,0.7412467401168443,0.03624227270335167,0.6012842563921512,0.3579367053657137,0.7317750394165023,2.6889944523597133,0.30938517632559887
20250721_214529,209,submission_20250721_214529_209.csv,0.5996625287030926,0.269682760094284,0.2266611128146922,0.33805187001358933,0.7247279176304363,0.019678289407661705,0.3002378575685684,0.42272727202532545,0.4610649875073814,2.5690602403322744,0.664732979636714
20250721_214645,210,submission_20250721_214645_210.csv,0.6446364485987879,3.1237251097928063,0.1774310800762596,0.5643004579169424,0.3562710403793746,0.06776872792556861,0.2718540116552098,0.45330831751801454,0.3622526746972551,0.5557994971608923,0.5136535688655562
20250721_214759,211,submission_20250721_214759_211.csv,0.7456975374845564,4.479542304532704,0.21717684646050803,0.4291889301963148,0.22066044363710005,0.038290577892831794,0.2340628756967261,0.2927619923052877,0.96083295514233,0.3896334546185992,0.1948249943631633
20250721_214915,212,submission_20250721_214915_212.csv,0.40777684679889437,0.34083828513096814,0.2874874583858258,0.4346183932608163,0.2652303970920458,0.03404509868083072,0.23250515944995648,0.7924555024310876,0.43385112516968194,0.51994872133049,0.7367883270572413
20250721_215030,213,submission_20250721_215030_213.csv,0.5104890335931552,1.783496580161044,0.2915396214974231,0.5530552564128323,0.29851748711085774,0.04109077217054452,0.4463563484174726,0.42960944471686474,0.41879800110791565,0.4676365607961495,0.3747902635404467
20250721_215145,214,submission_20250721_215145_214.csv,0.3743410303325885,0.23317738445314717,0.5174496011838738,1.018350018694665,0.20632313681610598,0.044529156854665713,0.19805929933459715,0.46518781241002954,0.39769067873364006,0.5002215174644766,0.16242169738068235
20250721_215300,215,submission_20250721_215300_215.csv,0.432577699463544,0.26772158003721,0.19442184759913617,0.8035042210012486,0.27956187974502633,0.03346288313539986,0.3358538478138249,1.1002248491693007,0.5055887275954745,0.46377086460506717,0.3416662939337495
20250721_215416,216,submission_20250721_215416_216.csv,0.33173501260690175,0.25906375956566746,0.2570286732259938,0.39598512915847395,0.3990748210238578,0.05129220964391368,0.2337436029923014,0.43287585729882794,0.4749268338827217,0.4665164405159593,0.3468427987613
20250721_215531,217,submission_20250721_215531_217.csv,0.4520463181633197,0.3621598721696674,0.16783536201639643,0.6722744948342162,0.34502309636601536,0.0470705771394995,0.8382805691286299,0.5175946243643937,0.5064646024026535,0.5310410260127834,0.5327189571989402
20250721_215647,218,submission_20250721_215647_218.csv,0.47048343113048763,0.6299539310105424,0.22544950288486554,0.656206825873721,0.8344298778728725,0.02079842732806119,0.6454985481259523,0.4441243117455534,0.3453856586086814,0.598699779032633,0.30428744882199404
20250721_215803,219,submission_20250721_215803_219.csv,0.3484689571062971,0.3025758051662228,0.24179109744255328,0.8505907558988238,0.21895646680747377,0.035651879744578646,0.3304688943785517,0.4627352562678504,0.411234814887205,0.4213625192585378,0.2093220812111734
20250721_215919,220,submission_20250721_215919_220.csv,0.42072964020157916,0.19015946623543342,0.2013179947598226,0.5536856671015036,0.32337038400121443,0.06130092203023708,0.27867031755954763,0.6365720767097277,0.9201686805526207,0.690012744427026,0.35203814863865857
20250721_220034,221,submission_20250721_220034_221.csv,0.3198133007138113,0.34353267341196014,0.3082000866695554,0.3996397568528154,0.29077913531465605,0.032119320931230336,0.19427926257267708,0.5997626915650917,0.35368560230637014,0.39289558285641646,0.283238894657339
20250721_220150,222,submission_20250721_220150_222.csv,0.3487567433772206,0.27490776323853483,0.48237932550005186,0.3764265817259816,0.3284343469800968,0.04027629711410961,0.18117597129138255,0.32179150117153044,0.5679881941754469,0.6936708584762121,0.22051659409885982
20250721_220305,223,submission_20250721_220305_223.csv,0.4394787805334709,0.21634821293707265,0.3206533174640002,0.9111911141225071,0.29165005241642816,0.04254561185304777,0.324846752013041,0.37314661681712985,0.7192853150447557,0.46896397869521067,0.7261568339715174
20250721_220422,224,submission_20250721_220422_224.csv,0.4982914185114068,0.29471463908159284,0.23321830736296367,0.9588564446643398,0.5212089813181031,0.04416188236774921,0.24271145914102932,0.41391256094917794,0.7046729105563907,0.7628972231006911,0.806559776572032
20250721_220537,225,submission_20250721_220537_225.csv,0.7630544044024351,3.022048802443538,0.3373208620252127,0.49405546707387415,0.36645932005262855,0.039232874672832256,0.26703322154395476,1.4653849448245961,0.7366441784638286,0.5304112909808741,0.3719530819430061
20250721_220653,226,submission_20250721_220653_226.csv,0.6027208347030071,0.5559465429105634,0.3005384458166733,1.262427607030892,0.1920667702573878,0.03334700013874266,0.28678549518295093,0.5534499669717605,0.33598217859111174,2.0509061339344647,0.45575820619552276
20250721_220809,227,submission_20250721_220809_227.csv,0.39001978893437217,0.2833519005270142,0.44908705648620073,0.5598368220618236,0.38922145147513676,0.03584570041713133,0.22991790448648147,0.4146299328309226,0.5749512373071063,0.4135297560523577,0.5498261276995458
20250721_220925,228,submission_20250721_220925_228.csv,0.5848528746101278,0.5633032241006126,0.4600973959185984,1.1953570146013097,0.4868514808191545,0.024272567795677165,0.2967799528890166,0.6590187480104909,1.0975703068470672,0.7965730501172028,0.2687050050021479
20250721_221042,229,submission_20250721_221042_229.csv,0.28905828453042315,0.14759092189640838,0.4587417704647509,0.232474296328118,0.2619777420276641,0.07004558222121154,0.25445320086711865,0.5366735000777422,0.3722080019178034,0.3229818725014567,0.23343595700195693
20250721_221159,230,submission_20250721_221159_230.csv,0.42969831566856875,0.4581929855204328,0.21863022680734567,1.0019286244904386,0.35350238090217034,0.03258102231078028,0.3189266663196312,0.6515498827382047,0.5196941741825085,0.46420518873928324,0.27777200467489244
20250721_221315,231,submission_20250721_221315_231.csv,0.583681333572315,2.269694742480113,0.12887645561557864,0.4235039872589561,0.3870076244294488,0.02154148705732183,0.4205688201789344,0.31142668057500517,0.41729529084721806,0.9190457104471399,0.5378525368334333
20250721_221429,232,submission_20250721_221429_232.csv,0.3252373933400484,0.2200792889702731,0.1748558089174242,0.46601923621460983,0.22454266987148508,0.01816953928345031,0.24110997830872796,0.6022423839840063,0.38274645785712424,0.33683628311511143,0.5857722868782708
20250721_221545,233,submission_20250721_221545_233.csv,0.4664252462110358,1.0248793980615896,0.1805228942139817,1.1114681259087036,0.37030717712472905,0.01856153851156054,0.23087824987748135,0.5372044620467045,0.2606577568080505,0.4100020536384202,0.5197708059191374
20250721_221658,234,submission_20250721_221658_234.csv,0.4563691884064072,1.0750136139253244,0.3904209669693165,0.3940559979956971,0.6835991894254182,0.039109627439991315,0.28539337231566253,0.3048831431150409,0.38069672673327903,0.7093475460888193,0.30117170005552346
20250721_221811,235,submission_20250721_221811_235.csv,0.3407847617161909,0.20323655888157086,0.3212756078591195,0.6751691040045396,0.343486894445823,0.029679267300228865,0.21651943425541575,0.4171515818841502,0.47051064734300596,0.4996933583439603,0.231125162844095
20250721_221925,236,submission_20250721_221925_236.csv,0.533652918571245,0.23862626125903888,0.196022933771792,0.4329528625569506,0.7116405584405548,0.024882069477326917,0.22786758857887032,0.42966959167645064,0.3382304199097204,2.1590427544696125,0.5775941455721312
20250721_222040,237,submission_20250721_222040_237.csv,0.507330280576207,0.5741462700669397,0.31600853959780284,0.6022230265328906,0.8270907432641346,0.03730914495275529,0.39059214005488596,0.6077140591698357,0.6662492499416718,0.38831734392490064,0.6636522882562542
20250721_222155,238,submission_20250721_222155_238.csv,0.9558230618752994,5.7237471951836225,0.21148780202713355,0.7459312382968597,0.3602517390644037,0.020662769633596305,0.2190173301150429,0.46507437443785393,1.0027186278518168,0.4933774644740156,0.31596207766864887
20250721_222312,239,submission_20250721_222312_239.csv,1.1013281261204995,5.31662472650949,0.44242061929674775,0.6768429843081214,0.7602672492725818,0.04435265209539036,0.34755444988227824,0.33076119501244733,0.43756496600606964,2.0808521889545397,0.5760402298673317
20250721_222428,240,submission_20250721_222428_240.csv,0.7939811048182156,3.2863783598489467,0.25521040964869635,0.6173993594256041,0.6899644958263346,0.031498500213557816,1.0708710496368778,0.3332484912537368,0.4697515300346944,0.658212388485491,0.5272764638082209
20250721_222544,241,submission_20250721_222544_241.csv,0.549783624318654,0.29787261538459503,0.3928712078112564,0.7448817774909537,0.31135847188522253,0.036896780190162744,0.22505752721865568,0.4264764867503013,0.3267571471277336,2.0354411062507842,0.700223123076876
20250721_222700,242,submission_20250721_222700_242.csv,0.6244918548718152,0.23593784347513214,0.2554503829859762,1.2369852385241802,0.4288029656363854,0.048279116267050365,0.6910351258374317,0.42771172185036044,0.5174329539170607,2.097327485717317,0.3059557145072544
20250721_222813,243,submission_20250721_222813_243.csv,0.38603408712225573,0.30093091822259643,0.2621420759577405,0.7867289438515431,0.2104569098724636,0.0503219743598114,0.26360165520557244,0.4119218625882855,0.6669803373065548,0.4308155620757009,0.4764406317822886
20250721_222925,244,submission_20250721_222925_244.csv,0.7242321316628436,0.2540447450938225,0.3623496370851194,0.34182807962463146,0.9137857199672158,0.045322173689200086,0.31531858864484497,0.9341962240926623,0.3074461764734246,3.38399462888007,0.3840353430774449
20250721_223040,245,submission_20250721_223040_245.csv,0.5424818917783722,2.4979123454461503,0.37627299908683937,0.5181828897239559,0.3210760112617735,0.02637000559710053,0.18778664586683239,0.4510039878314022,0.23903093778502416,0.5671040307420666,0.24007906444257776
20250721_223156,246,submission_20250721_223156_246.csv,0.43079212300264497,0.36306813103981567,0.4526407441295834,0.6762796070980364,0.23907888032867383,0.03352467703282297,0.24408671024762468,1.1769682693166665,0.44963621956776706,0.4499384754512309,0.22269951581422898
20250721_223314,247,submission_20250721_223314_247.csv,0.39653435526267955,0.1933569805433571,0.26840731019302916,0.6007675051993868,0.9514044110557837,0.017018408744941548,0.2452751690538961,0.749743739566937,0.3053345497275568,0.3689061155884595,0.2651293629534487
20250721_223429,248,submission_20250721_223429_248.csv,0.392966786655479,0.30677620793585275,0.3261840240481102,0.94164732002521,0.205517057709407,0.0391181645209219,0.3003879209224695,0.4613237700247245,0.347141691264717,0.6094709189540665,0.39210079114931085
20250721_223544,249,submission_20250721_223544_249.csv,0.3698506995039929,0.3507570603273173,0.2627487176471861,0.27321732791263814,0.273115882552163,0.026120749343493527,0.8770704155604858,0.4110100770318937,0.48915783547865016,0.3785966289924821,0.3567123001936189
20250721_223701,250,submission_20250721_223701_250.csv,0.5071074936044656,0.6017725459587091,0.3095476725200209,0.9976234593327936,0.7708669719248344,0.03865757611010259,0.20974007795784,0.9911733869691324,0.3857970260862487,0.4042850467019605,0.3616111724830158
